battery_id,cycle,component,value
B0005,6,IMF1,0.0018948367531889298
B0005,8,IMF1,-0.007717038854602599
B0005,10,IMF1,-0.014510926182122783
B0005,12,IMF1,0.004880663867712054
B0005,14,IMF1,0.022637192136125785
B0005,16,IMF1,-0.026695287039086347
B0005,18,IMF1,-0.010005184930848902
B0005,20,IMF1,0.007552070202899406
B0005,22,IMF1,0.03152381843754491
B0005,25,IMF1,-0.028619191572738987
B0005,27,IMF1,-0.006535033762943394
B0005,29,IMF1,0.021653002876917227
B0005,31,IMF1,-0.020929646369412733
B0005,33,IMF1,0.023204563777491864
B0005,35,IMF1,0.04688352258662787
B0005,37,IMF1,0.013888623958074314
B0005,39,IMF1,-0.0827507287405527
B0005,50,IMF1,0.078928019705824
B0005,54,IMF1,-0.056076458043262896
B0005,58,IMF1,-0.040918783935126705
B0005,62,IMF1,0.0201688365480706
B0005,66,IMF1,-0.017378764280468913
B0005,70,IMF1,0.0341810549450686
B0005,74,IMF1,0.04427385200359142
B0005,78,IMF1,-0.06268064367157668
B0005,82,IMF1,-0.08975483748105387
B0005,90,IMF1,0.08972272068241051
B0005,94,IMF1,-0.0031308457629150993
B0005,98,IMF1,-0.05273837310578421
B0005,102,IMF1,-0.01963338602453701
B0005,106,IMF1,0.014386016274784688
B0005,110,IMF1,-0.009050238538059632
B0005,114,IMF1,0.011590202151199736
B0005,118,IMF1,-0.01455336647151341
B0005,122,IMF1,0.015140548460604442
B0005,126,IMF1,-0.005768194301127254
B0005,130,IMF1,-0.0219265310958002
B0005,134,IMF1,0.06231361413555076
B0005,136,IMF1,0.05245389558268792
B0005,140,IMF1,-0.030465080179609284
B0005,144,IMF1,-0.12563465489156236
B0005,148,IMF1,-0.20961795683509
B0005,150,IMF1,0.21649556368938086
B0005,154,IMF1,0.10341788615247673
B0005,158,IMF1,-0.02348544324118643
B0005,162,IMF1,-0.07579406170478846
B0005,166,IMF1,-0.0954909637397364
B0005,170,IMF1,-0.04481689410529916
B0005,174,IMF1,0.012682269589035889
B0005,178,IMF1,0.01838465301776543
B0005,182,IMF1,-0.0027487047005911834
B0005,186,IMF1,0.0031614198395273577
B0005,190,IMF1,0.00674403789628355
B0005,194,IMF1,0.006285954902223417
B0005,198,IMF1,0.017135592488972583
B0005,202,IMF1,0.0015886172851687882
B0005,206,IMF1,-0.025183993144548566
B0005,210,IMF1,0.023706135398845786
B0005,214,IMF1,-0.020532895697044844
B0005,216,IMF1,-0.0035878008020388823
B0005,220,IMF1,0.01664908190374784
B0005,224,IMF1,-0.013698737189362181
B0005,228,IMF1,-0.0014018128400952283
B0005,232,IMF1,0.0008332965458779578
B0005,236,IMF1,0.002803979937691393
B0005,240,IMF1,0.009822919450002706
B0005,244,IMF1,-0.014887350834985835
B0005,248,IMF1,0.011261015745917976
B0005,252,IMF1,0.026978600197900535
B0005,256,IMF1,-0.027140777149524453
B0005,260,IMF1,-0.04433413865325164
B0005,264,IMF1,-0.04292500707703978
B0005,266,IMF1,0.060428707765163285
B0005,270,IMF1,-0.06908852481581572
B0005,274,IMF1,-0.0760654522812381
B0005,278,IMF1,-0.020200612228655143
B0005,282,IMF1,0.0893512822083131
B0005,286,IMF1,0.15610355481888893
B0005,290,IMF1,0.1905359945572157
B0005,294,IMF1,0.14667579516415039
B0005,298,IMF1,0.058195523501080565
B0005,302,IMF1,0.007684249752607059
B0005,306,IMF1,-0.14673046333389403
B0005,310,IMF1,-0.31511146112259425
B0005,313,IMF1,0.30738426157018994
B0005,316,IMF1,-0.06956193717731074
B0005,320,IMF1,-0.16727361814677844
B0005,324,IMF1,-0.2180519087689276
B0005,328,IMF1,-0.15774733756697634
B0005,332,IMF1,-0.13565014125429942
B0005,336,IMF1,-0.08303005400769693
B0005,340,IMF1,-0.03988391236884037
B0005,344,IMF1,0.001835441747037619
B0005,348,IMF1,-0.012814947125210908
B0005,352,IMF1,0.008503155467921613
B0005,356,IMF1,-0.005948133980203473
B0005,360,IMF1,-0.04672445420701008
B0005,364,IMF1,0.030053491541573486
B0005,367,IMF1,0.1168573945560264
B0005,371,IMF1,0.029919827324733108
B0005,375,IMF1,-0.0003744678977647684
B0005,6,IMF2,0.14970600110025534
B0005,8,IMF2,0.16019285941616673
B0005,10,IMF2,0.16420928259172154
B0005,12,IMF2,0.1561591397367859
B0005,14,IMF2,0.13771508110735498
B0005,16,IMF2,0.11385514154942643
B0005,18,IMF2,0.09305030929760949
B0005,20,IMF2,0.0779950392788668
B0005,22,IMF2,0.057538876318425206
B0005,25,IMF2,0.03507620427386631
B0005,27,IMF2,0.01138143823910899
B0005,29,IMF2,-0.01831167006777758
B0005,31,IMF2,-0.06490485515252926
B0005,33,IMF2,-0.11474441884952558
B0005,35,IMF2,-0.13792022802928877
B0005,37,IMF2,-0.10613291351774476
B0005,39,IMF2,-0.018764936299795098
B0005,50,IMF2,0.085348574774045
B0005,54,IMF2,0.1255861183192279
B0005,58,IMF2,0.09479448050783179
B0005,62,IMF2,0.02786015929172602
B0005,66,IMF2,-0.037221106603926024
B0005,70,IMF2,-0.08735502902072866
B0005,74,IMF2,-0.10406035074208468
B0005,78,IMF2,-0.08322393946731925
B0005,82,IMF2,-0.03272062595277856
B0005,90,IMF2,0.026714805653239273
B0005,94,IMF2,0.05998016337474889
B0005,98,IMF2,0.06082431876223764
B0005,102,IMF2,0.035322812435960964
B0005,106,IMF2,0.009994971998947418
B0005,110,IMF2,-0.001906052441231596
B0005,114,IMF2,-0.013424284559840412
B0005,118,IMF2,-0.016703207306630708
B0005,122,IMF2,-0.00014322518264966614
B0005,126,IMF2,0.015945281030476804
B0005,130,IMF2,0.012765649704619087
B0005,134,IMF2,-0.013346934543789914
B0005,136,IMF2,-0.0387437464419089
B0005,140,IMF2,-0.046634642815524506
B0005,144,IMF2,-0.03701180967473823
B0005,148,IMF2,-0.004905734867046103
B0005,150,IMF2,0.039629135484117395
B0005,154,IMF2,0.0720404184945222
B0005,158,IMF2,0.08381428434952946
B0005,162,IMF2,0.07857578986210913
B0005,166,IMF2,0.05527387915292763
B0005,170,IMF2,0.013334041946325587
B0005,174,IMF2,-0.0284797962016568
B0005,178,IMF2,-0.052466502242923374
B0005,182,IMF2,-0.05017398825538729
B0005,186,IMF2,-0.031516144995084414
B0005,190,IMF2,-0.005971513797536985
B0005,194,IMF2,0.010418160095154772
B0005,198,IMF2,0.010902116341303067
B0005,202,IMF2,0.001441645473993655
B0005,206,IMF2,-0.005099841343836875
B0005,210,IMF2,-0.0012586006920466096
B0005,214,IMF2,0.0066316502435740075
B0005,216,IMF2,0.0052494507684289
B0005,220,IMF2,-0.0021617798460513682
B0005,224,IMF2,-0.008776546037695222
B0005,228,IMF2,-0.006854221902372753
B0005,232,IMF2,0.0008063131964941111
B0005,236,IMF2,0.008547975232054465
B0005,240,IMF2,0.0051064054590306985
B0005,244,IMF2,-0.009124524031928016
B0005,248,IMF2,-0.023831524077776303
B0005,252,IMF2,-0.028729149559209508
B0005,256,IMF2,-0.011754509733771347
B0005,260,IMF2,0.022994329478477384
B0005,264,IMF2,0.06899000272447069
B0005,266,IMF2,0.10441124188742668
B0005,270,IMF2,0.11124117982421144
B0005,274,IMF2,0.08057504729418559
B0005,278,IMF2,0.02027023545267219
B0005,282,IMF2,-0.05940472308274451
B0005,286,IMF2,-0.13896521910222456
B0005,290,IMF2,-0.20048915995771813
B0005,294,IMF2,-0.22935073536847975
B0005,298,IMF2,-0.21673522201442147
B0005,302,IMF2,-0.15616517621622578
B0005,306,IMF2,-0.04640905700766127
B0005,310,IMF2,0.08405974958696162
B0005,313,IMF2,0.1940906307593777
B0005,316,IMF2,0.23979481860176913
B0005,320,IMF2,0.22889315462051385
B0005,324,IMF2,0.17932053247970392
B0005,328,IMF2,0.11016769929808776
B0005,332,IMF2,0.04760744659706192
B0005,336,IMF2,-0.0001829155971416528
B0005,340,IMF2,-0.03708249388759265
B0005,344,IMF2,-0.06742645244298043
B0005,348,IMF2,-0.08661225359749158
B0005,352,IMF2,-0.09448909865821775
B0005,356,IMF2,-0.07156025431383216
B0005,360,IMF2,-0.023489242883600436
B0005,364,IMF2,0.031454154276393774
B0005,367,IMF2,0.06243676217527159
B0005,371,IMF2,0.04519847080926488
B0005,375,IMF2,-0.007724994472673195
B0005,6,IMF3,0.03220003764585731
B0005,8,IMF3,0.017585754246553436
B0005,10,IMF3,0.0035093744631442586
B0005,12,IMF3,-0.010050403954268749
B0005,14,IMF3,-0.022921694540389937
B0005,16,IMF3,-0.034884903430406025
B0005,18,IMF3,-0.045720436759501076
B0005,20,IMF3,-0.055208700662863375
B0005,22,IMF3,-0.06313010127567474
B0005,25,IMF3,-0.06926504473312459
B0005,27,IMF3,-0.07339393717039697
B0005,29,IMF3,-0.07529715397474515
B0005,31,IMF3,-0.07475354768669365
B0005,33,IMF3,-0.07153581237354514
B0005,35,IMF3,-0.06541312676961923
B0005,37,IMF3,-0.05623429960761635
B0005,39,IMF3,-0.044168806687252066
B0005,50,IMF3,-0.029466291139195588
B0005,54,IMF3,-0.012376396094119207
B0005,58,IMF3,0.006665822444652289
B0005,62,IMF3,0.026483656983170144
B0005,66,IMF3,0.045714987154832895
B0005,70,IMF3,0.06299769259304018
B0005,74,IMF3,0.07696549539194578
B0005,78,IMF3,0.086308186102999
B0005,82,IMF3,0.09000219219541492
B0005,90,IMF3,0.08710539394725927
B0005,94,IMF3,0.07671104643726333
B0005,98,IMF3,0.058292141858881624
B0005,102,IMF3,0.03303290716984011
B0005,106,IMF3,0.0034178138296776127
B0005,110,IMF3,-0.02783599328438018
B0005,114,IMF3,-0.05801136929510958
B0005,118,IMF3,-0.08438887733595794
B0005,122,IMF3,-0.10415173655222854
B0005,126,IMF3,-0.11416549030053565
B0005,130,IMF3,-0.11178136400740707
B0005,134,IMF3,-0.09667304045325695
B0005,136,IMF3,-0.07124797864471226
B0005,140,IMF3,-0.03838143393434927
B0005,144,IMF3,-0.0010999410930242147
B0005,148,IMF3,0.03731405536871267
B0005,150,IMF3,0.07352270605988026
B0005,154,IMF3,0.104198158393495
B0005,158,IMF3,0.12603345835660976
B0005,162,IMF3,0.13619338576983483
B0005,166,IMF3,0.13439999820669482
B0005,170,IMF3,0.12277408106643065
B0005,174,IMF3,0.10390444967885605
B0005,178,IMF3,0.08037989682978783
B0005,182,IMF3,0.05477383291640874
B0005,186,IMF3,0.029486498047759827
B0005,190,IMF3,0.0064879683445062215
B0005,194,IMF3,-0.012430889586103737
B0005,198,IMF3,-0.026426118354620113
B0005,202,IMF3,-0.03596006769613132
B0005,206,IMF3,-0.04290881737246893
B0005,210,IMF3,-0.04914587784013847
B0005,214,IMF3,-0.0558017144787335
B0005,216,IMF3,-0.06360691614535027
B0005,220,IMF3,-0.07218940171429288
B0005,224,IMF3,-0.08036760242904209
B0005,228,IMF3,-0.08703849751597244
B0005,232,IMF3,-0.09198721182320231
B0005,236,IMF3,-0.09556992306136684
B0005,240,IMF3,-0.0983367976514665
B0005,244,IMF3,-0.10110785497759861
B0005,248,IMF3,-0.10484652283246847
B0005,252,IMF3,-0.11049533785580275
B0005,256,IMF3,-0.11843932582610633
B0005,260,IMF3,-0.12749747749750556
B0005,264,IMF3,-0.1360988102764362
B0005,266,IMF3,-0.14266977531316904
B0005,270,IMF3,-0.1457313141156424
B0005,274,IMF3,-0.1443260270924223
B0005,278,IMF3,-0.13816577940506478
B0005,282,IMF3,-0.1271060717469777
B0005,286,IMF3,-0.11100288065339883
B0005,290,IMF3,-0.08971762345101159
B0005,294,IMF3,-0.06315204806263673
B0005,298,IMF3,-0.03170888951865004
B0005,302,IMF3,0.002606433965647761
B0005,306,IMF3,0.03738795551550479
B0005,310,IMF3,0.07022801167092377
B0005,313,IMF3,0.09871893897190566
B0005,316,IMF3,0.12045307395845452
B0005,320,IMF3,0.1333638281195829
B0005,324,IMF3,0.13698924438324964
B0005,328,IMF3,0.13217055585922982
B0005,332,IMF3,0.11999248194512041
B0005,336,IMF3,0.1015405306997529
B0005,340,IMF3,0.07790021018195736
B0005,344,IMF3,0.05015702845056485
B0005,348,IMF3,0.01939649356440322
B0005,352,IMF3,-0.013295886417692287
B0005,356,IMF3,-0.046624795799350874
B0005,360,IMF3,-0.07842345436219932
B0005,364,IMF3,-0.1059309200382767
B0005,367,IMF3,-0.1254378401025538
B0005,371,IMF3,-0.13389501240243815
B0005,375,IMF3,-0.13032466658387554
B0005,6,RES,1.0349956753017833
B0005,8,RES,1.0480237651053714
B0005,10,RES,1.0598141741678282
B0005,12,RES,1.0703713339440775
B0005,14,RES,1.079699675889047
B0005,16,RES,1.0878036314576631
B0005,18,RES,1.0946876321048529
B0005,20,RES,1.1003561092855427
B0005,22,RES,1.1048134944546582
B0005,25,RES,1.1080642190671275
B0005,27,RES,1.1101127145778757
B0005,29,RES,1.1109633816938977
B0005,31,RES,1.1106190982754578
B0005,33,RES,1.1090765837096013
B0005,35,RES,1.106329042050386
B0005,37,RES,1.1023691400192979
B0005,39,RES,1.0971895420810047
B0005,50,RES,1.090782912700174
B0005,54,RES,1.0831419163414717
B0005,58,RES,1.0742592174695662
B0005,62,RES,1.0641274805491243
B0005,66,RES,1.0527393700448129
B0005,70,RES,1.0400875504212985
B0005,74,RES,1.02616884368249
B0005,78,RES,1.0110033239362932
B0005,82,RES,0.9946417106179924
B0005,90,RES,0.9771325909153101
B0005,94,RES,0.9584894634215755
B0005,98,RES,0.9387167852715609
B0005,102,RES,0.9178189417840461
B0005,106,RES,0.8958003182778111
B0005,110,RES,0.8726653000716373
B0005,114,RES,0.8484182724843042
B0005,118,RES,0.8230636208345931
B0005,122,RES,0.7966057304412837
B0005,126,RES,0.7690489866231565
B0005,130,RES,0.7404001897137378
B0005,134,RES,0.7106758341642934
B0005,136,RES,0.6798949656758619
B0005,140,RES,0.6480790268072086
B0005,144,RES,0.6152589704558933
B0005,148,RES,0.5814683488901006
B0005,150,RES,0.5467405624199645
B0005,154,RES,0.5110990145516231
B0005,158,RES,0.4745302880896614
B0005,162,RES,0.43701181343851736
B0005,166,RES,0.39853350069197674
B0005,170,RES,0.3591352012452104
B0005,174,RES,0.31886933635872566
B0005,178,RES,0.27778834983702677
B0005,182,RES,0.23594468548461878
B0005,186,RES,0.19339078710600607
B0005,190,RES,0.15017909850569303
B0005,194,RES,0.10636206348818462
B0005,198,RES,0.0619921258579852
B0005,202,RES,0.017121729419599382
B0005,206,RES,-0.02819668202246826
B0005,210,RES,-0.07391066466371311
B0005,214,RES,-0.11996777469963069
B0005,216,RES,-0.16631556832571628
B0005,220,RES,-0.2129016017374654
B0005,224,RES,-0.25967343113037317
B0005,228,RES,-0.30657861269993564
B0005,232,RES,-0.3535647026416475
B0005,236,RES,-0.40057925715100456
B0005,240,RES,-0.44756983242350257
B0005,244,RES,-0.49448398465463594
B0005,248,RES,-0.5412692700399013
B0005,252,RES,-0.5878732447747932
B0005,256,RES,-0.6342434650548072
B0005,260,RES,-0.6803274870754392
B0005,264,RES,-0.7260728670321843
B0005,266,RES,-0.7714271611205379
B0005,270,RES,-0.816337925535995
B0005,274,RES,-0.8607529653842413
B0005,278,RES,-0.9046210968962457
B0005,282,RES,-0.9478914471512776
B0005,286,RES,-0.9905126673867737
B0005,290,RES,-1.032427968048729
B0005,294,RES,-1.0735661663127682
B0005,298,RES,-1.1138526038685166
B0005,302,RES,-1.1532126224055954
B0005,306,RES,-1.1915715636136262
B0005,310,RES,-1.2288547691822336
B0005,313,RES,-1.2649875808010391
B0005,316,RES,-1.2998953401596665
B0005,320,RES,-1.333504219923755
B0005,324,RES,-1.3657483341623742
B0005,328,RES,-1.3965818865792632
B0005,332,RES,-1.4259668530224476
B0005,336,RES,-1.4538659980011843
B0005,340,RES,-1.48024208602473
B0005,344,RES,-1.505057881602342
B0005,348,RES,-1.528276149243278
B0005,352,RES,-1.5498596534567946
B0005,356,RES,-1.5697711587521486
B0005,360,RES,-1.5879734296385968
B0005,364,RES,-1.6044292306253984
B0005,367,RES,-1.619101326221809
B0005,371,RES,-1.6319524809370851
B0005,375,RES,-1.6429538538600448
B0006,6,IMF1,0.06473383826598385
B0006,8,IMF1,0.014818460564421402
B0006,10,IMF1,-0.11684028863460853
B0006,12,IMF1,0.02920363240746972
B0006,14,IMF1,0.11544849553167405
B0006,16,IMF1,-0.12233579210437795
B0006,18,IMF1,0.06957658327884739
B0006,20,IMF1,0.16081602553474042
B0006,22,IMF1,0.22152546989622848
B0006,25,IMF1,0.2544974450264552
B0006,27,IMF1,0.24518352457244078
B0006,29,IMF1,0.1973648295335033
B0006,31,IMF1,0.11537409873231616
B0006,33,IMF1,-0.009102213250737656
B0006,35,IMF1,-0.16210714297951628
B0006,37,IMF1,-0.34685234333335
B0006,39,IMF1,-0.4649858459646169
B0006,42,IMF1,0.4104989910675888
B0006,46,IMF1,0.11710947665648867
B0006,50,IMF1,-0.02235908021497016
B0006,54,IMF1,-0.1754696975959884
B0006,58,IMF1,0.13322992211978602
B0006,62,IMF1,-0.1236810410994956
B0006,66,IMF1,-0.18286951482065794
B0006,70,IMF1,-0.16303735906987327
B0006,74,IMF1,-0.22126541248271636
B0006,78,IMF1,-0.3237623202852373
B0006,82,IMF1,-0.25934167318006407
B0006,86,IMF1,0.3290695057991766
B0006,90,IMF1,0.011793756698345098
B0006,94,IMF1,-0.09101844311398814
B0006,98,IMF1,-0.06066856381483539
B0006,102,IMF1,-0.08352162945737307
B0006,106,IMF1,0.018819661734285925
B0006,110,IMF1,0.011767580953480983
B0006,114,IMF1,-0.00966986783762643
B0006,118,IMF1,0.0015520472978976486
B0006,122,IMF1,-0.00967055190446947
B0006,126,IMF1,-0.03431063696710692
B0006,130,IMF1,-0.0817102140267602
B0006,134,IMF1,0.09211904063229216
B0006,136,IMF1,0.20792750065300106
B0006,140,IMF1,-0.09830062720760599
B0006,144,IMF1,-0.3221820597828145
B0006,148,IMF1,-0.4729512687348016
B0006,150,IMF1,0.5628117427732762
B0006,154,IMF1,0.38104682522320044
B0006,158,IMF1,0.06334141376893714
B0006,162,IMF1,-0.2302302353333984
B0006,166,IMF1,-0.3729889506714263
B0006,170,IMF1,-0.5546401740942111
B0006,174,IMF1,-0.6322133823562166
B0006,178,IMF1,-0.7476320443832174
B0006,182,IMF1,-0.8122446797325809
B0006,186,IMF1,-0.8721295903974363
B0006,190,IMF1,-0.9198082571178655
B0006,194,IMF1,-0.9762643402916853
B0006,198,IMF1,-1.0317507097388054
B0006,202,IMF1,-1.1715921462965853
B0006,6,IMF2,0.4987310352881634
B0006,8,IMF2,0.5454750010180274
B0006,10,IMF2,0.5629155674876078
B0006,12,IMF2,0.5410033205566313
B0006,14,IMF2,0.4545289720321919
B0006,16,IMF2,0.30339780466414423
B0006,18,IMF2,0.11768507815686034
B0006,20,IMF2,-0.05829145347652969
B0006,22,IMF2,-0.20862089294687478
B0006,25,IMF2,-0.3232132773608121
B0006,27,IMF2,-0.40057560307943546
B0006,29,IMF2,-0.43859263525861525
B0006,31,IMF2,-0.4376054034399333
B0006,33,IMF2,-0.4038986707712025
B0006,35,IMF2,-0.33311820730354325
B0006,37,IMF2,-0.22814632095094795
B0006,39,IMF2,-0.0922423734937107
B0006,42,IMF2,0.05902888680830769
B0006,46,IMF2,0.175147944818482
B0006,50,IMF2,0.23296617224066518
B0006,54,IMF2,0.21916105427363497
B0006,58,IMF2,0.1368983319017596
B0006,62,IMF2,0.028604180396595298
B0006,66,IMF2,-0.0755406573330801
B0006,70,IMF2,-0.14125786714374297
B0006,74,IMF2,-0.13914923022127734
B0006,78,IMF2,-0.07238268561199761
B0006,82,IMF2,0.039525322201368306
B0006,86,IMF2,0.13225071280355769
B0006,90,IMF2,0.14508580847911082
B0006,94,IMF2,0.08715380505787709
B0006,98,IMF2,-0.0031220847498409756
B0006,102,IMF2,-0.08076418079457712
B0006,106,IMF2,-0.14225859628501658
B0006,110,IMF2,-0.19644699293999324
B0006,114,IMF2,-0.2350603663848167
B0006,118,IMF2,-0.2536930701455259
B0006,122,IMF2,-0.2580585723573313
B0006,126,IMF2,-0.24989630825572237
B0006,130,IMF2,-0.22940777286620886
B0006,134,IMF2,-0.20194823924584607
B0006,136,IMF2,-0.15779808050135305
B0006,140,IMF2,-0.08853635483984051
B0006,144,IMF2,-0.0028641041903796315
B0006,148,IMF2,0.0894799270817861
B0006,150,IMF2,0.17871426182823696
B0006,154,IMF2,0.24881426273871146
B0006,158,IMF2,0.2988205693663522
B0006,162,IMF2,0.3319458778868682
B0006,166,IMF2,0.3489646814701603
B0006,170,IMF2,0.3505824820341351
B0006,174,IMF2,0.33941379481732104
B0006,178,IMF2,0.3173199008136449
B0006,182,IMF2,0.28550348272259024
B0006,186,IMF2,0.24463353877771618
B0006,190,IMF2,0.1983635644039957
B0006,194,IMF2,0.14609009819304922
B0006,198,IMF2,0.09089260878818034
B0006,202,IMF2,0.033206029554929066
B0006,6,RES,1.0408003413418594
B0006,8,RES,1.043596681612901
B0006,10,RES,1.0430937209092106
B0006,12,RES,1.0392087513569566
B0006,14,RES,1.0322618711573914
B0006,16,RES,1.0226738800305337
B0006,18,RES,1.0108655776964066
B0006,20,RES,0.997257763875029
B0006,22,RES,0.982271238286422
B0006,25,RES,0.9663268006506079
B0006,27,RES,0.9498452506876064
B0006,29,RES,0.9332473881174389
B0006,31,RES,0.9169147407239915
B0006,33,RES,0.900954675932451
B0006,35,RES,0.8849669987752182
B0006,37,RES,0.8684344416705293
B0006,39,RES,0.8508397370366203
B0006,42,RES,0.8316656172917276
B0006,46,RES,0.8103948148540884
B0006,50,RES,0.7865100621419392
B0006,54,RES,0.759450740540908
B0006,58,RES,0.728482827306193
B0006,62,RES,0.6928289486603814
B0006,66,RES,0.6517117308260628
B0006,70,RES,0.6043538000258256
B0006,74,RES,0.5500202994644825
B0006,78,RES,0.4884019790097591
B0006,82,RES,0.42025426044767455
B0006,86,RES,0.3465881042982675
B0006,90,RES,0.2684159134105963
B0006,94,RES,0.18674585238383148
B0006,98,RES,0.10254749788224903
B0006,102,RES,0.016780419004146403
B0006,106,RES,-0.06959581515217873
B0006,110,RES,-0.155621635488429
B0006,114,RES,-0.24033747290630636
B0006,118,RES,-0.32278375830751377
B0006,122,RES,-0.40200092259375325
B0006,126,RES,-0.4770734190198752
B0006,130,RES,-0.5472796119564151
B0006,134,RES,-0.6120131749394383
B0006,136,RES,-0.6706856032081053
B0006,140,RES,-0.7228561056849934
B0006,144,RES,-0.7686747460263422
B0006,148,RES,-0.8084393015718103
B0006,150,RES,-0.842447549661054
B0006,154,RES,-0.8709972676337303
B0006,158,RES,-0.894386232829496
B0006,162,RES,-0.9129122225880087
B0006,166,RES,-0.9268733692929034
B0006,170,RES,-0.9365834341607109
B0006,174,RES,-0.9423899030585045
B0006,178,RES,-0.9445606104249189
B0006,182,RES,-0.9433399256772343
B0006,186,RES,-0.9389722182327283
B0006,190,RES,-0.9317018575086795
B0006,194,RES,-0.9217732129223682
B0006,198,RES,-0.909430653891072
B0006,202,RES,-0.8949185498320708
B0007,4,IMF1,0.0019431722169083662
B0007,6,IMF1,-0.0003552617832801582
B0007,8,IMF1,0.001776030103360445
B0007,10,IMF1,-0.006970648453998481
B0007,12,IMF1,-0.0014209101714964154
B0007,14,IMF1,-0.008102325278729746
B0007,16,IMF1,0.024192984403103267
B0007,18,IMF1,-0.03004992757409084
B0007,20,IMF1,0.006849106985451679
B0007,22,IMF1,0.031745767490058384
B0007,25,IMF1,-0.026519519502936045
B0007,27,IMF1,-0.009988229818648893
B0007,29,IMF1,0.002641533756798989
B0007,31,IMF1,0.020830910776774417
B0007,33,IMF1,0.04166566551742186
B0007,35,IMF1,-0.012802544320509233
B0007,37,IMF1,-0.0070384520346003275
B0007,39,IMF1,-0.07377161156475982
B0007,42,IMF1,0.077140002066203
B0007,46,IMF1,0.017063664478608916
B0007,50,IMF1,0.007166521838479088
B0007,54,IMF1,-0.04646176092514911
B0007,58,IMF1,-0.01594574406906006
B0007,62,IMF1,0.02537881779766734
B0007,66,IMF1,-0.023268019890821664
B0007,70,IMF1,0.018084283217147556
B0007,74,IMF1,0.037075954177170356
B0007,78,IMF1,-0.04314997400953878
B0007,82,IMF1,-0.04671387658942171
B0007,90,IMF1,0.051520795825714547
B0007,94,IMF1,-0.011146083622615204
B0007,98,IMF1,-0.005199519914566011
B0007,102,IMF1,-0.03425046383272422
B0007,106,IMF1,0.014025312073777342
B0007,110,IMF1,0.019090790082863057
B0007,114,IMF1,-0.010062998791113872
B0007,118,IMF1,0.002317382238007425
B0007,122,IMF1,-0.00467192484457809
B0007,126,IMF1,0.011270750714446076
B0007,130,IMF1,-0.024673085956748737
B0007,134,IMF1,0.04851919049219375
B0007,136,IMF1,0.019369507818104408
B0007,140,IMF1,-0.035004314630665855
B0007,144,IMF1,-0.09324961660041238
B0007,148,IMF1,-0.13105925973045932
B0007,150,IMF1,0.12570490453332211
B0007,154,IMF1,0.12030564793094654
B0007,158,IMF1,0.008469348473413098
B0007,162,IMF1,-0.03673613364631419
B0007,166,IMF1,-0.05846887912220467
B0007,170,IMF1,-0.01926082952619277
B0007,174,IMF1,0.025448431352842214
B0007,178,IMF1,0.015174632585032533
B0007,182,IMF1,-0.017993569141256598
B0007,186,IMF1,0.011393104128882774
B0007,190,IMF1,0.003893199344569937
B0007,194,IMF1,0.010870844342934227
B0007,198,IMF1,-0.012309680683688935
B0007,202,IMF1,0.013373302371419466
B0007,206,IMF1,-0.016363220134080238
B0007,210,IMF1,0.019944607084000948
B0007,214,IMF1,-0.022000718114877523
B0007,216,IMF1,0.020905869905072722
B0007,220,IMF1,-0.012861277834259461
B0007,224,IMF1,-0.01011980508629446
B0007,228,IMF1,-0.000668083774262058
B0007,232,IMF1,-0.00038473333962981955
B0007,236,IMF1,0.0029028490012466012
B0007,240,IMF1,-0.0012964307251732412
B0007,244,IMF1,-0.00024426137547513076
B0007,248,IMF1,0.006386644796086521
B0007,252,IMF1,0.013176241336488446
B0007,256,IMF1,0.01619022654598645
B0007,260,IMF1,-0.03311832875468476
B0007,264,IMF1,-0.012382072011495814
B0007,266,IMF1,0.04348209221759929
B0007,270,IMF1,-0.004902457150142654
B0007,274,IMF1,-0.049119894183538994
B0007,278,IMF1,-0.037407683661593506
B0007,282,IMF1,0.013897906816057666
B0007,286,IMF1,0.08490643245116261
B0007,290,IMF1,0.10297995625766365
B0007,294,IMF1,0.07234003913286198
B0007,298,IMF1,0.05289235670590986
B0007,302,IMF1,0.011880271785296386
B0007,306,IMF1,-0.10172609725465975
B0007,310,IMF1,-0.2980772541560449
B0007,313,IMF1,0.32506765732805387
B0007,316,IMF1,-0.22657654837913974
B0007,320,IMF1,-0.2988484473651076
B0007,324,IMF1,-0.3204371559894418
B0007,328,IMF1,-0.31546444188468464
B0007,332,IMF1,-0.24558412772863425
B0007,336,IMF1,-0.17459071333479445
B0007,340,IMF1,-0.1105384713226073
B0007,344,IMF1,-0.05621773979237022
B0007,348,IMF1,-0.02605191197200718
B0007,352,IMF1,0.02083852046555994
B0007,356,IMF1,-0.007028514818952181
B0007,360,IMF1,-0.05558273365135121
B0007,364,IMF1,-0.023075342238932612
B0007,367,IMF1,0.05885358612941065
B0007,371,IMF1,0.01031313642838262
B0007,375,IMF1,0.008132561944732046
B0007,379,IMF1,-0.0256426708447463
B0007,383,IMF1,-0.034395079107954876
B0007,387,IMF1,0.0061461455564804325
B0007,391,IMF1,0.033822510788509175
B0007,395,IMF1,-0.016296040358967253
B0007,399,IMF1,-0.02867861631845201
B0007,403,IMF1,-0.00019038986930557678
B0007,407,IMF1,0.025251400709874115
B0007,411,IMF1,0.009271629566083104
B0007,415,IMF1,-0.013393299653180557
B0007,419,IMF1,-0.04012952557448082
B0007,423,IMF1,-0.040929011761220956
B0007,427,IMF1,-0.060593639058418074
B0007,431,IMF1,0.07034298827963671
B0007,433,IMF1,0.09489090950193432
B0007,437,IMF1,-0.02557607084880251
B0007,441,IMF1,-0.09001961754242402
B0007,445,IMF1,-0.11580059568820247
B0007,449,IMF1,-0.13063883619776331
B0007,4,IMF2,0.021669989675299456
B0007,6,IMF2,0.022740283229867507
B0007,8,IMF2,0.020115854379869864
B0007,10,IMF2,0.019343643657267328
B0007,12,IMF2,0.027913588525608903
B0007,14,IMF2,0.03768566901355652
B0007,16,IMF2,0.03176776554794651
B0007,18,IMF2,0.012625172442302959
B0007,20,IMF2,-0.0001813965926974822
B0007,22,IMF2,-0.002467730601705487
B0007,25,IMF2,-0.002784150272758698
B0007,27,IMF2,-0.004283076685344214
B0007,29,IMF2,-0.0026515205699213845
B0007,31,IMF2,-0.010015835187409484
B0007,33,IMF2,-0.03472207985882594
B0007,35,IMF2,-0.0709976129859437
B0007,37,IMF2,-0.08374829456791033
B0007,39,IMF2,-0.035523976085746325
B0007,42,IMF2,0.04586709536551985
B0007,46,IMF2,0.09319676721460636
B0007,50,IMF2,0.0861459272048294
B0007,54,IMF2,0.05295795495331933
B0007,58,IMF2,0.013478188457031338
B0007,62,IMF2,-0.021006711011049835
B0007,66,IMF2,-0.04917601110631477
B0007,70,IMF2,-0.07224033199117971
B0007,74,IMF2,-0.07696464810600517
B0007,78,IMF2,-0.055451546271858776
B0007,82,IMF2,-0.011725807438534044
B0007,90,IMF2,0.03136184257476792
B0007,94,IMF2,0.04850461709784017
B0007,98,IMF2,0.04194173615779636
B0007,102,IMF2,0.03232351406113351
B0007,106,IMF2,0.026538912794849705
B0007,110,IMF2,0.017855861171923653
B0007,114,IMF2,0.002510131130782151
B0007,118,IMF2,-0.011334198988635686
B0007,122,IMF2,-0.013127588741432949
B0007,126,IMF2,-0.0007479717942254992
B0007,130,IMF2,0.013744632503334927
B0007,134,IMF2,0.012571949200646247
B0007,136,IMF2,-0.0002620379550353224
B0007,140,IMF2,-0.01790627655757035
B0007,144,IMF2,-0.028685845799563927
B0007,148,IMF2,-0.024761970541676552
B0007,150,IMF2,0.0005483857509551471
B0007,154,IMF2,0.027843297920298268
B0007,158,IMF2,0.04337898703014063
B0007,162,IMF2,0.044825798144902
B0007,166,IMF2,0.029664118396413055
B0007,170,IMF2,0.0005627319596106861
B0007,174,IMF2,-0.02935957486089416
B0007,178,IMF2,-0.04133917765080829
B0007,182,IMF2,-0.03184696398373337
B0007,186,IMF2,-0.004636326600969717
B0007,190,IMF2,0.0214972979128086
B0007,194,IMF2,0.02395670708028099
B0007,198,IMF2,0.00858372488357958
B0007,202,IMF2,-0.008487615492850983
B0007,206,IMF2,-0.012232332487602205
B0007,210,IMF2,-0.005068645854299826
B0007,214,IMF2,0.0006717050742461709
B0007,216,IMF2,0.005047363305766106
B0007,220,IMF2,0.0026741746679020315
B0007,224,IMF2,-0.001336295615785684
B0007,228,IMF2,-0.003062309949413628
B0007,232,IMF2,-0.0020835626246542205
B0007,236,IMF2,-0.0025967951853490376
B0007,240,IMF2,-0.0046860219865644615
B0007,244,IMF2,-0.0071159330326372545
B0007,248,IMF2,-0.011036503565596056
B0007,252,IMF2,-0.012929366424286017
B0007,256,IMF2,-0.011250487057658486
B0007,260,IMF2,0.0031263025250724517
B0007,264,IMF2,0.03091415297173473
B0007,266,IMF2,0.060196769746653514
B0007,270,IMF2,0.0762656271602922
B0007,274,IMF2,0.07420839669522712
B0007,278,IMF2,0.051385123268291734
B0007,282,IMF2,0.013404443558740752
B0007,286,IMF2,-0.04056177297749348
B0007,290,IMF2,-0.10197697741333232
B0007,294,IMF2,-0.15624898709088408
B0007,298,IMF2,-0.18693354607433743
B0007,302,IMF2,-0.16350338887743315
B0007,306,IMF2,-0.07659567103444472
B0007,310,IMF2,0.056132213123288574
B0007,313,IMF2,0.17524795914526278
B0007,316,IMF2,0.22574383877461948
B0007,320,IMF2,0.21523791136764722
B0007,324,IMF2,0.16655150831989218
B0007,328,IMF2,0.09701893703052966
B0007,332,IMF2,0.01944103658784904
B0007,336,IMF2,-0.05490783409853394
B0007,340,IMF2,-0.11774321648096434
B0007,344,IMF2,-0.16008289432508666
B0007,348,IMF2,-0.17863026813389118
B0007,352,IMF2,-0.16460166432503565
B0007,356,IMF2,-0.11593270600382553
B0007,360,IMF2,-0.05068505109321201
B0007,364,IMF2,0.017286887588553367
B0007,367,IMF2,0.06858504687879403
B0007,371,IMF2,0.09226529718498941
B0007,375,IMF2,0.0955174633546153
B0007,379,IMF2,0.09025287573933542
B0007,383,IMF2,0.08407647139360203
B0007,387,IMF2,0.07942527625296458
B0007,391,IMF2,0.07128742545453721
B0007,395,IMF2,0.060493937684693855
B0007,399,IMF2,0.04512292790323291
B0007,403,IMF2,0.029880259257053756
B0007,407,IMF2,0.01458528945409556
B0007,411,IMF2,-0.0036466821798275643
B0007,415,IMF2,-0.0180716836846091
B0007,419,IMF2,-0.028818011180960033
B0007,423,IMF2,-0.028484535572845127
B0007,427,IMF2,-0.00738166112898306
B0007,431,IMF2,0.01529167183477487
B0007,433,IMF2,0.029014829471030214
B0007,437,IMF2,0.027284013023960257
B0007,441,IMF2,0.011965803110579628
B0007,445,IMF2,-0.009604744815764739
B0007,449,IMF2,-0.03389244926752033
B0007,4,IMF3,0.04982922736414728
B0007,6,IMF3,0.050808189043238444
B0007,8,IMF3,0.052462798539996254
B0007,10,IMF3,0.052669028240994856
B0007,12,IMF3,0.049704884259919854
B0007,14,IMF3,0.04257879236947078
B0007,16,IMF3,0.030736092588121825
B0007,18,IMF3,0.015015346429981523
B0007,20,IMF3,-0.0032784564405487653
B0007,22,IMF3,-0.022692722274783868
B0007,25,IMF3,-0.04133853838050295
B0007,27,IMF3,-0.05719564748060978
B0007,29,IMF3,-0.0681826833469922
B0007,31,IMF3,-0.07238602509991247
B0007,33,IMF3,-0.06943129255062898
B0007,35,IMF3,-0.05935019913166465
B0007,37,IMF3,-0.04242889610710556
B0007,39,IMF3,-0.020192931658065905
B0007,42,IMF3,0.004556309746714585
B0007,46,IMF3,0.02875970901434126
B0007,50,IMF3,0.04966183130639432
B0007,54,IMF3,0.06594083137678522
B0007,58,IMF3,0.07745395853161116
B0007,62,IMF3,0.08426965401109646
B0007,66,IMF3,0.08642566312182388
B0007,70,IMF3,0.08394415239815838
B0007,74,IMF3,0.0768004499010025
B0007,78,IMF3,0.06508333004065628
B0007,82,IMF3,0.04967590304105033
B0007,90,IMF3,0.03192723167493733
B0007,94,IMF3,0.013152560063436472
B0007,98,IMF3,-0.005765634776018964
B0007,102,IMF3,-0.024119487677519983
B0007,106,IMF3,-0.041204360159969144
B0007,110,IMF3,-0.05619261862521602
B0007,114,IMF3,-0.06820941513397458
B0007,118,IMF3,-0.0763842779418718
B0007,122,IMF3,-0.07983227451670319
B0007,126,IMF3,-0.07770918659065167
B0007,130,IMF3,-0.06958974354124407
B0007,134,IMF3,-0.05532498093003558
B0007,136,IMF3,-0.03558244158067006
B0007,140,IMF3,-0.012128663270134532
B0007,144,IMF3,0.012833451618645254
B0007,148,IMF3,0.03735653551558579
B0007,150,IMF3,0.05949219443053185
B0007,154,IMF3,0.07725480516589363
B0007,158,IMF3,0.08864325623357734
B0007,162,IMF3,0.09174842137669305
B0007,166,IMF3,0.08580104572572143
B0007,170,IMF3,0.07256649486125727
B0007,174,IMF3,0.054409273764490534
B0007,178,IMF3,0.03369388741661179
B0007,182,IMF3,0.012558516015005992
B0007,186,IMF3,-0.007714366805349397
B0007,190,IMF3,-0.025869019328079425
B0007,194,IMF3,-0.04070129091552442
B0007,198,IMF3,-0.051781691781896136
B0007,202,IMF3,-0.06019330982460004
B0007,206,IMF3,-0.06737523095097762
B0007,210,IMF3,-0.07458227264608853
B0007,214,IMF3,-0.08226098666113872
B0007,216,IMF3,-0.09059406816837563
B0007,220,IMF3,-0.09954288622617224
B0007,224,IMF3,-0.1083545799393694
B0007,228,IMF3,-0.11601177177532017
B0007,232,IMF3,-0.12179633816948027
B0007,236,IMF3,-0.1260167847213296
B0007,240,IMF3,-0.12957690995325374
B0007,244,IMF3,-0.13368365691130696
B0007,248,IMF3,-0.13963800813468677
B0007,252,IMF3,-0.14844994884096044
B0007,256,IMF3,-0.16079378019512403
B0007,260,IMF3,-0.17646533976907544
B0007,264,IMF3,-0.19331120762772017
B0007,266,IMF3,-0.2081926025707772
B0007,270,IMF3,-0.2179807613683595
B0007,274,IMF3,-0.22053762576081481
B0007,278,IMF3,-0.21545672091621548
B0007,282,IMF3,-0.202779275279132
B0007,286,IMF3,-0.18256003412063632
B0007,290,IMF3,-0.15485363276862701
B0007,294,IMF3,-0.11971652894914055
B0007,298,IMF3,-0.07730639254594243
B0007,302,IMF3,-0.028636386696580404
B0007,306,IMF3,0.02327448051652976
B0007,310,IMF3,0.0749292204160516
B0007,313,IMF3,0.12283084432464896
B0007,316,IMF3,0.1634823635649858
B0007,320,IMF3,0.19378614655834245
B0007,324,IMF3,0.21261824855052405
B0007,328,IMF3,0.22075862680703814
B0007,332,IMF3,0.219352515104544
B0007,336,IMF3,0.20950300824300888
B0007,340,IMF3,0.19228200114536248
B0007,344,IMF3,0.16875584544582756
B0007,348,IMF3,0.13999089277862706
B0007,352,IMF3,0.10707881314042042
B0007,356,IMF3,0.07128642842343492
B0007,360,IMF3,0.03425390202473924
B0007,364,IMF3,-0.002091558498084889
B0007,367,IMF3,-0.03581327408957859
B0007,371,IMF3,-0.06520624791396652
B0007,375,IMF3,-0.088980059005786
B0007,379,IMF3,-0.1072027555026896
B0007,383,IMF3,-0.1207104022567277
B0007,387,IMF3,-0.13044898068448477
B0007,391,IMF3,-0.137095217079508
B0007,395,IMF3,-0.1410263219272065
B0007,399,IMF3,-0.1425478935499383
B0007,403,IMF3,-0.14198635921267905
B0007,407,IMF3,-0.13969323362661973
B0007,411,IMF3,-0.13604229340161778
B0007,415,IMF3,-0.13143702731469278
B0007,419,IMF3,-0.1263266273371303
B0007,423,IMF3,-0.12125007212114101
B0007,427,IMF3,-0.11681615253534125
B0007,431,IMF3,-0.1135651671141153
B0007,433,IMF3,-0.11199633561226305
B0007,437,IMF3,-0.1124568420222034
B0007,441,IMF3,-0.11469520321116963
B0007,445,IMF3,-0.1181510124768827
B0007,449,IMF3,-0.12221865409829276
B0007,4,RES,1.2631147435891485
B0007,6,RES,1.2635630799246977
B0007,8,RES,1.2632421419700743
B0007,10,RES,1.2623031461144811
B0007,12,RES,1.260851359805379
B0007,14,RES,1.2589448411124537
B0007,16,RES,1.2566307796320682
B0007,18,RES,1.253955409763156
B0007,20,RES,1.250964965904648
B0007,22,RES,1.2477056824554804
B0007,25,RES,1.244223793814586
B0007,27,RES,1.2405655343808975
B0007,29,RES,1.2367771385533495
B0007,31,RES,1.2329031207917789
B0007,33,RES,1.2289526696786819
B0007,35,RES,1.2248215405025036
B0007,37,RES,1.220385326946159
B0007,39,RES,1.2155216938214193
B0007,42,RES,1.2101083059400572
B0007,46,RES,1.2040228281138432
B0007,50,RES,1.197142925154549
B0007,54,RES,1.1893462618739459
B0007,58,RES,1.1805105030838063
B0007,62,RES,1.1705209742361975
B0007,66,RES,1.1592936967168335
B0007,70,RES,1.1467602706836404
B0007,74,RES,1.13289087158839
B0007,78,RES,1.117694192937399
B0007,82,RES,1.1011866315901064
B0007,90,RES,1.0833845844059518
B0007,94,RES,1.0643044482443746
B0007,98,RES,1.0439626199648149
B0007,102,RES,1.02237549642671
B0007,106,RES,0.9995594744895
B0007,110,RES,0.9755309510126251
B0007,114,RES,0.9503063228555236
B0007,118,RES,0.9239019868776353
B0007,122,RES,0.8963343399383987
B0007,126,RES,0.867629166088883
B0007,130,RES,0.8378525932798139
B0007,134,RES,0.8070913171861152
B0007,136,RES,0.7754348286158527
B0007,140,RES,0.7429726183770939
B0007,144,RES,0.7097941772779044
B0007,148,RES,0.6759889961263503
B0007,150,RES,0.6416465657304979
B0007,154,RES,0.6068563768984133
B0007,158,RES,0.5717079204381633
B0007,162,RES,0.5362864673223813
B0007,166,RES,0.5006536108368244
B0007,170,RES,0.46483953105121417
B0007,174,RES,0.428867609690122
B0007,178,RES,0.39276122847811945
B0007,182,RES,0.3565437691397778
B0007,186,RES,0.3202386133996689
B0007,190,RES,0.2838691429823643
B0007,194,RES,0.24745873961243534
B0007,198,RES,0.2110309214283926
B0007,202,RES,0.1746099054136832
B0007,206,RES,0.13822072812828418
B0007,210,RES,0.1018888609448353
B0007,214,RES,0.06563984564184763
B0007,216,RES,0.029499186840191375
B0007,220,RES,-0.00650775946982543
B0007,224,RES,-0.042355674455535175
B0007,228,RES,-0.07801920297631613
B0007,232,RES,-0.11347284465972932
B0007,236,RES,-0.14869106282538117
B0007,240,RES,-0.18364825198558796
B0007,244,RES,-0.21831877910581882
B0007,248,RES,-0.2526785596122005
B0007,252,RES,-0.28670626276792577
B0007,256,RES,-0.320381184374875
B0007,260,RES,-0.35368262023492936
B0007,264,RES,-0.3865898661499689
B0007,266,RES,-0.41908221792187444
B0007,270,RES,-0.4511389713525262
B0007,274,RES,-0.4827408024833959
B0007,278,RES,-0.5138795700661374
B0007,282,RES,-0.5445712700424461
B0007,286,RES,-0.5748379998785215
B0007,290,RES,-0.6047019669837357
B0007,294,RES,-0.634183556369323
B0007,298,RES,-0.6632958634539705
B0007,302,RES,-0.6920501612582299
B0007,306,RES,-0.7204577228026529
B0007,310,RES,-0.7485298211077897
B0007,313,RES,-0.776277729194192
B0007,316,RES,-0.8037127200824107
B0007,320,RES,-0.8308460667929978
B0007,324,RES,-0.8576922685908883
B0007,328,RES,-0.8842782409193854
B0007,332,RES,-0.9106231435472664
B0007,336,RES,-0.9367039972666145
B0007,340,RES,-0.9624666229924763
B0007,344,RES,-0.9878512983511919
B0007,348,RES,-1.0127983009691006
B0007,352,RES,-1.0372479084725421
B0007,356,RES,-1.0611403984878556
B0007,360,RES,-1.0844160486413803
B0007,364,RES,-1.1070151365594563
B0007,367,RES,-1.1288779398684232
B0007,371,RES,-1.1499447361946202
B0007,375,RES,-1.1701558031643864
B0007,379,RES,-1.1894514184040623
B0007,383,RES,-1.2077718595399862
B0007,387,RES,-1.2250574041984992
B0007,391,RES,-1.2412482642062006
B0007,395,RES,-1.256283564305189
B0007,399,RES,-1.2700976644492459
B0007,403,RES,-1.2826184294294607
B0007,407,RES,-1.2937720906237689
B0007,411,RES,-1.3034848159560932
B0007,415,RES,-1.3116827495010752
B0007,419,RES,-1.3182918029767665
B0007,423,RES,-1.3232379122416407
B0007,427,RES,-1.3264536912320775
B0007,431,RES,-1.327889980312489
B0007,433,RES,-1.3275212661684481
B0007,437,RES,-1.3253366254173846
B0007,441,RES,-1.3213366901553527
B0007,445,RES,-1.3155442569194131
B0007,449,RES,-1.3079900029408977
B0018,11,IMF1,-0.0027998170485099678
B0018,15,IMF1,-0.06120980265834143
B0018,18,IMF1,0.03233855420343551
B0018,20,IMF1,0.07249193695900776
B0018,22,IMF1,0.06388710076969664
B0018,24,IMF1,0.035636865653326105
B0018,27,IMF1,-0.08074485449173387
B0018,30,IMF1,0.059491328896837406
B0018,32,IMF1,-0.026038165807569725
B0018,34,IMF1,0.01067648749250158
B0018,36,IMF1,-0.006893772324011204
B0018,39,IMF1,-0.0059511244161044585
B0018,42,IMF1,0.01675093350647749
B0018,44,IMF1,-0.02126552847700428
B0018,46,IMF1,0.026681061137309062
B0018,48,IMF1,-0.03269068081318714
B0018,51,IMF1,-0.01993917462288338
B0018,54,IMF1,-0.017944927033367905
B0018,56,IMF1,0.03800301540759703
B0018,58,IMF1,-0.0356661228558473
B0018,60,IMF1,0.05416184495898711
B0018,63,IMF1,-0.09884231258568163
B0018,66,IMF1,0.13260508077517172
B0018,68,IMF1,-0.07109351655161855
B0018,70,IMF1,-0.10443224229880053
B0018,72,IMF1,-0.07163040657665212
B0018,75,IMF1,-0.05388215142035516
B0018,78,IMF1,0.01717613085560745
B0018,80,IMF1,-0.014501939834864011
B0018,82,IMF1,0.011266385045738285
B0018,84,IMF1,-0.010486401068882536
B0018,87,IMF1,0.005657052462928936
B0018,90,IMF1,0.021072535694284546
B0018,92,IMF1,0.03642235421624457
B0018,94,IMF1,0.014863283486358764
B0018,96,IMF1,-0.03409778247537247
B0018,99,IMF1,-0.20362518827115655
B0018,102,IMF1,0.29469915984119893
B0018,104,IMF1,-0.006499887327629134
B0018,106,IMF1,-0.17535807906676018
B0018,108,IMF1,-0.3238604339568006
B0018,111,IMF1,-0.3925874498788272
B0018,114,IMF1,-0.6020862986643272
B0018,117,IMF1,0.5466939163241409
B0018,119,IMF1,0.3548005763384045
B0018,121,IMF1,0.10908539909631199
B0018,123,IMF1,-0.04693760592079525
B0018,125,IMF1,-0.12047000753565971
B0018,128,IMF1,0.08850991834866606
B0018,130,IMF1,0.02167743731253443
B0018,132,IMF1,-0.11242818496163764
B0018,134,IMF1,-0.22207061873006761
B0018,136,IMF1,-0.30259865939179814
B0018,141,IMF1,0.3223206221337477
B0018,143,IMF1,0.03903637482425864
B0018,145,IMF1,-0.11733667249458678
B0018,147,IMF1,-0.1723629999583886
B0018,150,IMF1,-0.05609293388965896
B0018,153,IMF1,0.03352122417954989
B0018,155,IMF1,-0.009308567738958242
B0018,157,IMF1,0.009440753536909102
B0018,159,IMF1,-0.026284270537198746
B0018,162,IMF1,0.004088507044323317
B0018,165,IMF1,0.08613822487955278
B0018,167,IMF1,0.05011330271948247
B0018,169,IMF1,-0.0743228698551305
B0018,171,IMF1,-0.11879868462736214
B0018,174,IMF1,-0.17882315858841194
B0018,177,IMF1,0.16870032409777458
B0018,179,IMF1,0.1011627660843164
B0018,181,IMF1,-0.05785552380201334
B0018,183,IMF1,-0.059946568550919975
B0018,185,IMF1,-0.06289340321317638
B0018,188,IMF1,-0.01554379507546695
B0018,190,IMF1,-0.031150366729788773
B0018,192,IMF1,-0.05651950657685644
B0018,11,IMF2,0.10964329993814907
B0018,15,IMF2,0.08333753425114393
B0018,18,IMF2,0.016263221493590288
B0018,20,IMF2,-0.051033535107170236
B0018,22,IMF2,-0.09412914677599053
B0018,24,IMF2,-0.09927779017226082
B0018,27,IMF2,-0.055739900080365695
B0018,30,IMF2,0.024761169648847777
B0018,32,IMF2,0.05578249364928151
B0018,34,IMF2,0.010804070045234516
B0018,36,IMF2,-0.031211607011338818
B0018,39,IMF2,-0.02259626089412891
B0018,42,IMF2,0.01296476069351074
B0018,44,IMF2,0.036727141526061
B0018,46,IMF2,0.03691783501911147
B0018,48,IMF2,0.018852420403823532
B0018,51,IMF2,-0.004213895254167834
B0018,54,IMF2,-0.032612322698764906
B0018,56,IMF2,-0.09633144050346217
B0018,58,IMF2,-0.19530564851877114
B0018,60,IMF2,-0.21309057935687103
B0018,63,IMF2,-0.05466986142312639
B0018,66,IMF2,0.16001736759477816
B0018,68,IMF2,0.2560807811905209
B0018,70,IMF2,0.24631566701644
B0018,72,IMF2,0.17991102992517405
B0018,75,IMF2,0.11389894769314762
B0018,78,IMF2,0.06947044348482546
B0018,80,IMF2,0.06376097551664683
B0018,82,IMF2,0.06951532375410995
B0018,84,IMF2,0.05670646692216952
B0018,87,IMF2,0.029608095172675448
B0018,90,IMF2,-0.011971217467173787
B0018,92,IMF2,-0.06988693769808739
B0018,94,IMF2,-0.12129434134723616
B0018,96,IMF2,-0.10814322037373077
B0018,99,IMF2,-0.01792623477789831
B0018,102,IMF2,0.06137578174281617
B0018,104,IMF2,0.07247432244367322
B0018,106,IMF2,0.03230676681003759
B0018,108,IMF2,-0.028118950203705556
B0018,111,IMF2,-0.0695799305593881
B0018,114,IMF2,-0.061195481891925405
B0018,117,IMF2,0.00597897397232603
B0018,119,IMF2,0.06973390554701851
B0018,121,IMF2,0.1030207556128278
B0018,123,IMF2,0.09314782024499826
B0018,125,IMF2,0.028673626955119706
B0018,128,IMF2,-0.08254439828112953
B0018,130,IMF2,-0.14772736734716094
B0018,132,IMF2,-0.14937279858700528
B0018,134,IMF2,-0.09585791627266393
B0018,136,IMF2,0.003445643836393936
B0018,141,IMF2,0.11479544480883598
B0018,143,IMF2,0.1657110764064467
B0018,145,IMF2,0.14894929529664877
B0018,147,IMF2,0.08916703607590522
B0018,150,IMF2,0.008788892280931859
B0018,153,IMF2,-0.055070485398208635
B0018,155,IMF2,-0.0772672549079124
B0018,157,IMF2,-0.09172984019753652
B0018,159,IMF2,-0.11928172700360988
B0018,162,IMF2,-0.14438063931040213
B0018,165,IMF2,-0.15180102154519715
B0018,167,IMF2,-0.12909793014046025
B0018,169,IMF2,-0.08304799413666587
B0018,171,IMF2,-0.019580518651976093
B0018,174,IMF2,0.05441824284843933
B0018,177,IMF2,0.11942175731674455
B0018,179,IMF2,0.1450260090252547
B0018,181,IMF2,0.12970511918219357
B0018,183,IMF2,0.08357884282271331
B0018,185,IMF2,0.02794005838567369
B0018,188,IMF2,-0.023009793109998553
B0018,190,IMF2,-0.0632590376338196
B0018,192,IMF2,-0.08488999804393473
B0018,11,RES,1.6181791506432242
B0018,15,RES,1.6171828841270124
B0018,18,RES,1.610164435416998
B0018,20,RES,1.5972626786428896
B0018,22,RES,1.5786164879344
B0018,24,RES,1.5541154180931582
B0018,27,RES,1.5225873092556665
B0018,30,RES,1.4823529328190843
B0018,32,RES,1.4315011246322558
B0018,34,RES,1.368400465005904
B0018,36,RES,1.2950509850306087
B0018,39,RES,1.2147054013045118
B0018,42,RES,1.13213379803593
B0018,44,RES,1.0529829623582156
B0018,46,RES,0.980090465592147
B0018,48,RES,0.9135268266691214
B0018,51,RES,0.8526977711391865
B0018,54,RES,0.796972980239344
B0018,56,RES,0.7457221352065947
B0018,58,RES,0.6983149172779409
B0018,60,RES,0.6538718700898196
B0018,63,RES,0.6103638252862532
B0018,66,RES,0.564899830550091
B0018,68,RES,0.5144357719740308
B0018,70,RES,0.45637004356053684
B0018,72,RES,0.3902754340947774
B0018,75,RES,0.31778469284620914
B0018,78,RES,0.2409349322279209
B0018,80,RES,0.1618354160262159
B0018,82,RES,0.08302602592910724
B0018,84,RES,0.007626811679648071
B0018,87,RES,-0.06139168261282271
B0018,90,RES,-0.12132449070562318
B0018,92,RES,-0.16951803258434237
B0018,94,RES,-0.20331872823456953
B0018,96,RES,-0.22026124699394464
B0018,99,RES,-0.21916337047068316
B0018,102,RES,-0.201151589074534
B0018,104,RES,-0.16786321961115344
B0018,106,RES,-0.12124868792290538
B0018,108,RES,-0.06560567720889793
B0018,111,RES,-0.008344344566172888
B0018,114,RES,0.044554343979979996
B0018,117,RES,0.08855167569564361
B0018,119,RES,0.11934455970561846
B0018,121,RES,0.13262990513470543
B0018,123,RES,0.12528967365400676
B0018,125,RES,0.09894603711983127
B0018,128,RES,0.05640621993478948
B0018,130,RES,0.00047744650149191925
B0018,132,RES,-0.06604209896605993
B0018,134,RES,-0.14053598650047797
B0018,136,RES,-0.22095434197052388
B0018,141,RES,-0.3052934514524558
B0018,143,RES,-0.3917487018359402
B0018,145,RES,-0.47944415916272176
B0018,147,RES,-0.5678592190641913
B0018,150,RES,-0.6565061197855077
B0018,153,RES,-0.7448970995718286
B0018,155,RES,-0.8325443966683116
B0018,157,RES,-0.918960249320115
B0018,159,RES,-1.0036568957723964
B0018,162,RES,-1.0861465742703147
B0018,165,RES,-1.1659413539097676
B0018,167,RES,-1.242511497083488
B0018,169,RES,-1.3151625766104247
B0018,171,RES,-1.3831604386155516
B0018,174,RES,-1.4457932776398892
B0018,177,RES,-1.5024176307063375
B0018,179,RES,-1.5524622784082833
B0018,181,RES,-1.5955958810911703
B0018,183,RES,-1.6316139860628085
B0018,185,RES,-1.6603299851708373
B0018,188,RES,-1.681557270262894
B0018,190,RES,-1.6951092331866184
B0018,192,RES,-1.7007992657896482
B0025,12,IMF1,0.3715553385282
B0025,16,IMF1,-0.6382517652031066
B0025,20,IMF1,0.5055424201663447
B0025,23,IMF1,0.6340324197303385
B0025,25,IMF1,0.44613790857252966
B0025,27,IMF1,-0.19750020369562013
B0025,31,IMF1,-0.3087975605719704
B0025,35,IMF1,-0.40752315172055187
B0025,37,IMF1,0.2603468218792868
B0025,39,IMF1,-0.08950650681571226
B0025,41,IMF1,-0.05631692346522909
B0025,43,IMF1,0.17528426563592905
B0025,47,IMF1,-0.4244192836227441
B0025,51,IMF1,0.6351326238111293
B0025,53,IMF1,0.3387696777395555
B0025,55,IMF1,0.11899743656207744
B0025,57,IMF1,-0.14549969952721503
B0025,59,IMF1,-0.45348639216885356
B0025,66,IMF1,0.35554399318705615
B0025,68,IMF1,-0.3107575615451404
B0025,70,IMF1,0.30141665143390334
B0025,72,IMF1,0.3522375225204046
B0025,74,IMF1,0.31512304582892464
B0025,78,IMF1,-0.43046687772083814
B0025,12,IMF2,-0.14608302994491362
B0025,16,IMF2,-0.13981798447323937
B0025,20,IMF2,-0.08584457319034706
B0025,23,IMF2,0.005643052170548824
B0025,25,IMF2,0.11644130564853802
B0025,27,IMF2,0.22255634945733316
B0025,31,IMF2,0.29953220726906643
B0025,35,IMF2,0.31871808116561734
B0025,37,IMF2,0.2541572096799816
B0025,39,IMF2,0.08661291826824265
B0025,41,IMF2,-0.1372488960950387
B0025,43,IMF2,-0.3434978908363174
B0025,47,IMF2,-0.3900842144904126
B0025,51,IMF2,-0.25613302697434664
B0025,53,IMF2,-0.05144051336337632
B0025,55,IMF2,0.1651722436966739
B0025,57,IMF2,0.3488912042661052
B0025,59,IMF2,0.4573257245447602
B0025,66,IMF2,0.45156123780656016
B0025,68,IMF2,0.32304554962638515
B0025,70,IMF2,0.10224703856211408
B0025,72,IMF2,-0.1364059687567967
B0025,74,IMF2,-0.3492102176329314
B0025,78,IMF2,-0.4965678582082887
B0025,12,RES,1.1178471927721
B0025,16,RES,1.1054864178341002
B0025,20,RES,1.0724744689479768
B0025,23,RES,1.0193048394016233
B0025,25,RES,0.9464710224829317
B0025,27,RES,0.8544665114797959
B0025,31,RES,0.7441903483226266
B0025,35,RES,0.6181637695119098
B0025,37,RES,0.4792812233168161
B0025,39,RES,0.3303078105111977
B0025,41,RES,0.17397629499507544
B0025,43,RES,0.013019440668470359
B0025,47,RES,-0.14982998856859667
B0025,51,RES,-0.3118403390686683
B0025,53,RES,-0.4702218312255283
B0025,55,RES,-0.6219355278094784
B0025,57,RES,-0.7638799246218086
B0025,59,RES,-0.8933225965945912
B0025,66,RES,-1.008974379213868
B0025,68,RES,-1.109782963219806
B0025,70,RES,-1.1946629833834108
B0025,72,RES,-1.2625290744756856
B0025,74,RES,-1.312295871267633
B0025,78,RES,-1.3428780085302585
B0026,4,IMF1,0.7085133446012607
B0026,8,IMF1,0.7104662053973523
B0026,16,IMF1,-1.4127363537303488
B0026,4,RES,-0.002114527241110563
B0026,8,RES,-0.0026517668046081013
B0026,16,RES,-0.0014769022225456232
B0027,6,IMF1,-0.08098196727006156
B0027,8,IMF1,-0.4243847589371988
B0027,10,IMF1,0.028850397907196134
B0027,12,IMF1,0.5248219400115927
B0027,16,IMF1,-0.5031894439161366
B0027,27,IMF1,0.3673307101594284
B0027,31,IMF1,-0.20418105196837946
B0027,35,IMF1,0.12617270907705086
B0027,39,IMF1,-0.20304263574204923
B0027,41,IMF1,0.626114001930251
B0027,43,IMF1,0.8332970442869688
B0027,47,IMF1,-1.2178097226002622
B0027,51,IMF1,1.444340702641846
B0027,53,IMF1,0.7630916535236709
B0027,55,IMF1,0.2964433869017197
B0027,57,IMF1,-0.22576941336188205
B0027,59,IMF1,-0.727753257660798
B0027,66,IMF1,0.5510561382176444
B0027,68,IMF1,-0.4966127217156452
B0027,70,IMF1,-0.5321256690840974
B0027,72,IMF1,0.6118831060499523
B0027,74,IMF1,0.5020502748017268
B0027,78,IMF1,-0.732568695007516
B0027,6,IMF2,0.462886124361997
B0027,8,IMF2,0.6824994901457485
B0027,10,IMF2,0.39169251936358546
B0027,12,IMF2,-0.1801360628105626
B0027,16,IMF2,-0.604827192874715
B0027,27,IMF2,-0.5287161372068687
B0027,31,IMF2,-0.08231150941470125
B0027,35,IMF2,0.33919960300032176
B0027,39,IMF2,0.4332141045333096
B0027,41,IMF2,0.1438493596307024
B0027,43,IMF2,-0.2418068829173923
B0027,47,IMF2,-0.4268852003498916
B0027,51,IMF2,-0.2925973866512426
B0027,53,IMF2,0.0005469122791781589
B0027,55,IMF2,0.3231307021758287
B0027,57,IMF2,0.5789828243602111
B0027,59,IMF2,0.6707608751523773
B0027,66,IMF2,0.5352908615388737
B0027,68,IMF2,0.23426237461798421
B0027,70,IMF2,-0.14847396099760488
B0027,72,IMF2,-0.5271779713593686
B0027,74,IMF2,-0.8203886001561823
B0027,78,IMF2,-0.954442379289872
B0027,6,RES,0.6679567825125462
B0027,8,RES,0.6755436001272139
B0027,10,RES,0.644975326790783
B0027,12,RES,0.5839708815717115
B0027,16,RES,0.5030947075813019
B0027,27,RES,0.41243420442179396
B0027,31,RES,0.31990083802979846
B0027,35,RES,0.23185799231533233
B0027,39,RES,0.15440129155902982
B0027,41,RES,0.09129586654066986
B0027,43,RES,0.0369848740366124
B0027,47,RES,-0.016419022677637552
B0027,51,RES,-0.07558809522190403
B0027,53,RES,-0.14233435479732712
B0027,55,RES,-0.2172547475003757
B0027,57,RES,-0.30094621942751915
B0027,59,RES,-0.3937582462620875
B0027,66,RES,-0.49452289786275644
B0027,68,RES,-0.5997146769866635
B0027,70,RES,-0.7052805622188454
B0027,72,RES,-0.8071675321443403
B0027,74,RES,-0.9013225653481862
B0027,78,RES,-0.9836926404154206
B0028,8,IMF1,0.6346779987677523
B0028,10,IMF1,0.45007637218994684
B0028,12,IMF1,0.40656451285480705
B0028,16,IMF1,-0.4241123148862211
B0028,20,IMF1,0.2877782742021371
B0028,23,IMF1,0.1329566506490942
B0028,25,IMF1,-0.05645490850685977
B0028,27,IMF1,0.034268191463864756
B0028,31,IMF1,-0.08251642061988246
B0028,35,IMF1,0.27275992722739634
B0028,37,IMF1,0.30447553735035493
B0028,39,IMF1,0.5109331308311678
B0028,41,IMF1,0.5453772135155188
B0028,43,IMF1,0.5838189098160851
B0028,47,IMF1,-0.6021667897998033
B0028,51,IMF1,0.5685513021707259
B0028,53,IMF1,0.378900686716031
B0028,55,IMF1,0.09726482616999649
B0028,57,IMF1,-0.24832533974217383
B0028,59,IMF1,-0.24967642937880477
B0028,66,IMF1,0.19176027032522758
B0028,68,IMF1,-0.15954269254678105
B0028,70,IMF1,-0.21356136104982942
B0028,72,IMF1,-0.07949964655182484
B0028,74,IMF1,0.3092625177714522
B0028,78,IMF1,-0.33877412884761615
B0028,8,IMF2,-0.15256208367942967
B0028,10,IMF2,-0.1935485476855432
B0028,12,IMF2,-0.19221710898324418
B0028,16,IMF2,-0.12815937060666308
B0028,20,IMF2,-0.0014617512355450978
B0028,23,IMF2,0.13685536747523808
B0028,25,IMF2,0.22876976682535496
B0028,27,IMF2,0.24111899585533283
B0028,31,IMF2,0.2011772090739932
B0028,35,IMF2,0.11831150183987386
B0028,37,IMF2,-0.006968990056542838
B0028,39,IMF2,-0.1508053204350719
B0028,41,IMF2,-0.2841028532511012
B0028,43,IMF2,-0.373874744055241
B0028,47,IMF2,-0.390876018657122
B0028,51,IMF2,-0.2922566421979889
B0028,53,IMF2,-0.09758072831257796
B0028,55,IMF2,0.13676243438126112
B0028,57,IMF2,0.3498228708705598
B0028,59,IMF2,0.4887061863208013
B0028,66,IMF2,0.5228121958077226
B0028,68,IMF2,0.4410224238493866
B0028,70,IMF2,0.24976144135345613
B0028,72,IMF2,-0.03363640262225821
B0028,74,IMF2,-0.3576760472350501
B0028,78,IMF2,-0.5774025716716791
B0028,8,RES,0.9339664235886858
B0028,10,RES,0.9427722046698057
B0028,12,RES,0.9346672274894502
B0028,16,RES,0.909926448788058
B0028,20,RES,0.8688248253060694
B0028,23,RES,0.8116373137839233
B0028,25,RES,0.73863887096206
B0028,27,RES,0.6503918994046014
B0028,31,RES,0.5485657741035691
B0028,35,RES,0.43494607240732464
B0028,37,RES,0.31127556079739505
B0028,39,RES,0.17929700575530627
B0028,41,RES,0.04075317376258499
B0028,43,RES,-0.10261316869924265
B0028,47,RES,-0.2490592551486502
B0028,51,RES,-0.3968307009820066
B0028,53,RES,-0.543958702050392
B0028,55,RES,-0.687791047855294
B0028,57,RES,-0.825507580841329
B0028,59,RES,-0.9542881434531122
B0028,66,RES,-1.0715794647942736
B0028,68,RES,-1.175852879296024
B0028,70,RES,-1.265674842814702
B0028,72,RES,-1.339568869898176
B0028,74,RES,-1.3960584750943166
B0028,78,RES,-1.433667172950989
B0029,2,IMF1,-0.5761054848713468
B0029,20,IMF1,0.4705372525531927
B0029,22,IMF1,-0.3176642136130799
B0029,26,IMF1,-0.09444941742297046
B0029,28,IMF1,-0.04286428842511182
B0029,30,IMF1,0.058792065492080395
B0029,32,IMF1,0.1667330460714779
B0029,34,IMF1,-0.25328840788244855
B0029,38,IMF1,0.329796685370746
B0029,40,IMF1,0.007229629232769566
B0029,42,IMF1,-0.15041093274271283
B0029,44,IMF1,-0.25716859305173373
B0029,46,IMF1,-0.20981096799597185
B0029,50,IMF1,0.08841092148273988
B0029,52,IMF1,-0.0510673948515979
B0029,54,IMF1,0.06885966248649714
B0029,56,IMF1,-0.10624372359456766
B0029,58,IMF1,-0.17249841903978327
B0029,62,IMF1,0.19474841572611537
B0029,64,IMF1,-0.09123751591825514
B0029,66,IMF1,-0.1585374423667435
B0029,68,IMF1,-0.09796721631093469
B0029,70,IMF1,-0.05125040008234328
B0029,74,IMF1,0.04044193446495313
B0029,76,IMF1,0.11074761253346864
B0029,78,IMF1,-0.12860174414140527
B0029,80,IMF1,-0.1736780373964839
B0029,82,IMF1,0.009731071850056314
B0029,86,IMF1,0.26076984061228364
B0029,88,IMF1,0.1674866626062466
B0029,90,IMF1,-0.13446074106333397
B0029,92,IMF1,-0.23041526540351115
B0029,94,IMF1,-0.35182113553526423
B0029,2,IMF2,-0.6286070661905372
B0029,20,IMF2,0.059398134042372056
B0029,22,IMF2,0.5743263654641719
B0029,26,IMF2,0.5027704475401499
B0029,28,IMF2,0.13272933514029184
B0029,30,IMF2,-0.22819866816458173
B0029,32,IMF2,-0.3577677622050505
B0029,34,IMF2,-0.18829822182418926
B0029,38,IMF2,0.08516454304842239
B0029,40,IMF2,0.2130601134167333
B0029,42,IMF2,0.20378247917459047
B0029,44,IMF2,0.1334068365326558
B0029,46,IMF2,0.06565718414564452
B0029,50,IMF2,0.017412530045114734
B0029,52,IMF2,-0.022566913562892654
B0029,54,IMF2,-0.09494578957385032
B0029,56,IMF2,-0.13394541162107035
B0029,58,IMF2,-0.08629842644901295
B0029,62,IMF2,0.04674263082999537
B0029,64,IMF2,0.14880180072475999
B0029,66,IMF2,0.17664244696655182
B0029,68,IMF2,0.12817565720198865
B0029,70,IMF2,0.05502667754760827
B0029,74,IMF2,-0.02853437138713246
B0029,76,IMF2,-0.10457949921142191
B0029,78,IMF2,-0.16160006650892123
B0029,80,IMF2,-0.19985073282104374
B0029,82,IMF2,-0.22057249016678196
B0029,86,IMF2,-0.233929625993663
B0029,88,IMF2,-0.25075372818759933
B0029,90,IMF2,-0.26719248348623015
B0029,92,IMF2,-0.2811461894809472
B0029,94,IMF2,-0.2899005609757288
B0029,2,RES,1.0311747922786563
B0029,20,RES,1.0699666770922134
B0029,22,RES,1.1068214381967707
B0029,26,RES,1.1353321475157716
B0029,28,RES,1.1511519963067274
B0029,30,RES,1.150449205660662
B0029,32,RES,1.1293919966686001
B0029,34,RES,1.0854332067033057
B0029,38,RES,1.0211641382644947
B0029,40,RES,0.9404607101336213
B0029,42,RES,0.8468911501701951
B0029,44,RES,0.742792922545936
B0029,46,RES,0.6301958005106184
B0029,50,RES,0.5111295573140167
B0029,52,RES,0.38762396620590495
B0029,54,RES,0.26170880043605754
B0029,56,RES,0.13541383325424883
B0029,58,RES,0.010748132007833222
B0029,62,RES,-0.11050897098578039
B0029,64,RES,-0.22738614049317438
B0029,66,RES,-0.3398575347032127
B0029,68,RES,-0.4479777349951541
B0029,70,RES,-0.5513244335078201
B0029,74,RES,-0.6493561000699242
B0029,76,RES,-0.7415312045101788
B0029,78,RES,-0.8273082166572966
B0029,80,RES,-0.9061456063399915
B0029,82,RES,-0.9775018433869757
B0029,86,RES,-1.040835397626962
B0029,88,RES,-1.0956047388886636
B0029,90,RES,-1.1412683370007934
B0029,92,RES,-1.1772846617920636
B0029,94,RES,-1.2031121830911884
B0030,2,IMF1,-0.6135645471068008
B0030,18,IMF1,0.5322065166312044
B0030,20,IMF1,0.04004307141654278
B0030,22,IMF1,-0.27388836203999734
B0030,26,IMF1,0.21459758912530075
B0030,28,IMF1,0.008553232814436528
B0030,30,IMF1,-0.19235922745912626
B0030,32,IMF1,-0.4294870393510209
B0030,34,IMF1,-0.5046672244729089
B0030,38,IMF1,0.5359592925495337
B0030,40,IMF1,0.2880750813215744
B0030,42,IMF1,-0.1275177059519926
B0030,44,IMF1,-0.2942173447377164
B0030,46,IMF1,-0.2670185156237485
B0030,50,IMF1,0.06726171655133746
B0030,52,IMF1,-0.03732384903104196
B0030,54,IMF1,0.09449633801496492
B0030,56,IMF1,-0.1541445642350599
B0030,58,IMF1,-0.2968870508509149
B0030,62,IMF1,0.3099587919825793
B0030,64,IMF1,0.0771579487938678
B0030,66,IMF1,-0.13931749974704
B0030,68,IMF1,-0.048092943979664425
B0030,70,IMF1,-0.0868047315782143
B0030,74,IMF1,0.11445749594579742
B0030,76,IMF1,-0.15388581974073137
B0030,78,IMF1,-0.17961899819530536
B0030,80,IMF1,-0.22322431491621417
B0030,82,IMF1,-0.022541083259658232
B0030,86,IMF1,0.25606473997263074
B0030,88,IMF1,0.14151479542737933
B0030,90,IMF1,0.050606880164312425
B0030,92,IMF1,-0.09733889330670134
B0030,94,IMF1,-0.2638335385632647
B0030,2,IMF2,-0.2281576821362661
B0030,18,IMF2,0.00021586939153408092
B0030,20,IMF2,0.1610954498304345
B0030,22,IMF2,0.18692057772432905
B0030,26,IMF2,0.07384043992362145
B0030,28,IMF2,-0.04425012797297952
B0030,30,IMF2,-0.11570491046965783
B0030,32,IMF2,-0.12781672533319932
B0030,34,IMF2,-0.06779244985658625
B0030,38,IMF2,0.0360863634175205
B0030,40,IMF2,0.10390062070430933
B0030,42,IMF2,0.12612452167015598
B0030,44,IMF2,0.11775837309341226
B0030,46,IMF2,0.0865568388707523
B0030,50,IMF2,0.027344382379174616
B0030,52,IMF2,-0.05953262969427258
B0030,54,IMF2,-0.15058155476588267
B0030,56,IMF2,-0.14737993178760134
B0030,58,IMF2,-0.0482449695919246
B0030,62,IMF2,0.08590545941151134
B0030,64,IMF2,0.1015909967608089
B0030,66,IMF2,0.022455689864561357
B0030,68,IMF2,-0.0671212742810418
B0030,70,IMF2,-0.049459533720875776
B0030,74,IMF2,0.01656169133873239
B0030,76,IMF2,0.04191421572177759
B0030,78,IMF2,0.028398728984010385
B0030,80,IMF2,-0.0028454543138734015
B0030,82,IMF2,-0.03157254946144814
B0030,86,IMF2,-0.04993804166973496
B0030,88,IMF2,-0.05547412553001458
B0030,90,IMF2,-0.05398765209456676
B0030,92,IMF2,-0.050239495107984845
B0030,94,IMF2,-0.046170509881019214
B0030,2,RES,1.081779501571914
B0030,18,RES,1.1275790155858998
B0030,20,RES,1.1716823835241013
B0030,22,RES,1.208976484865756
B0030,26,RES,1.2345148969950528
B0030,28,RES,1.2440179889159533
B0030,30,RES,1.2333728275373605
B0030,32,RES,1.1984664797681859
B0030,34,RES,1.1361862079828895
B0030,38,RES,1.0479594640544716
B0030,40,RES,0.9386710642373778
B0030,42,RES,0.814715302495168
B0030,44,RES,0.6816149755751774
B0030,46,RES,0.5436299890222137
B0030,50,RES,0.4047615464328662
B0030,52,RES,0.2690108514037251
B0030,54,RES,0.14037910753138066
B0030,56,RES,0.02170371838548141
B0030,58,RES,-0.08883422906799421
B0030,62,RES,-0.19439162093993825
B0030,64,RES,-0.2990194379842118
B0030,66,RES,-0.407053046621772
B0030,68,RES,-0.5200742794486873
B0030,70,RES,-0.6381142054919249
B0030,74,RES,-0.7577375683917698
B0030,76,RES,-0.874111408788819
B0030,78,RES,-0.983682186909903
B0030,80,RES,-1.0839134769319685
B0030,82,RES,-1.172439391791772
B0030,86,RES,-1.2468940444260703
B0030,88,RES,-1.304911325691536
B0030,90,RES,-1.3444008474277793
B0030,92,RES,-1.3644172071321028
B0030,94,RES,-1.3646483668207097
B0031,2,IMF1,-1.4297021545251232
B0031,14,IMF1,1.366649156045354
B0031,22,IMF1,1.2874677733168904
B0031,28,IMF1,1.2142966939993474
B0031,30,IMF1,0.6534178892722095
B0031,32,IMF1,0.4357064658361988
B0031,34,IMF1,-0.10948996909606454
B0031,38,IMF1,-0.6495796055277734
B0031,40,IMF1,0.5698180809142158
B0031,42,IMF1,0.207414930432568
B0031,44,IMF1,0.16290401222622872
B0031,46,IMF1,-0.34330143521125367
B0031,50,IMF1,0.2103273317696337
B0031,52,IMF1,-0.08763203383047036
B0031,54,IMF1,0.05771313406603356
B0031,56,IMF1,-0.20239880955612188
B0031,58,IMF1,-0.24069127219461456
B0031,62,IMF1,0.35795343633477233
B0031,64,IMF1,0.3019613982252343
B0031,66,IMF1,-0.22332633820649261
B0031,68,IMF1,-0.2655689281340992
B0031,70,IMF1,-0.32819323453149
B0031,74,IMF1,0.08353126838817103
B0031,76,IMF1,0.19542747984531791
B0031,78,IMF1,-0.13858838548767236
B0031,80,IMF1,0.10559812303218565
B0031,82,IMF1,-0.10884399958339583
B0031,86,IMF1,0.1387035730051092
B0031,88,IMF1,-0.03341187757791416
B0031,90,IMF1,-0.09551184481549325
B0031,92,IMF1,-0.17265751590151077
B0031,94,IMF1,-0.2778908674920995
B0031,2,IMF2,-0.4579829017589408
B0031,14,IMF2,-0.3802788040561299
B0031,22,IMF2,-0.2742790059117194
B0031,28,IMF2,-0.16117227253876207
B0031,30,IMF2,-0.049428270537774606
B0031,32,IMF2,0.0498965127024001
B0031,34,IMF2,0.12956503933879568
B0031,38,IMF2,0.17443643769658335
B0031,40,IMF2,0.1854031233430988
B0031,42,IMF2,0.1807259826474889
B0031,44,IMF2,0.1832848601461577
B0031,46,IMF2,0.203741485937918
B0031,50,IMF2,0.23066263164578937
B0031,52,IMF2,0.17198765410127875
B0031,54,IMF2,0.01561667958287512
B0031,56,IMF2,-0.11467203441256188
B0031,58,IMF2,-0.15817151603859286
B0031,62,IMF2,-0.10520717994879084
B0031,64,IMF2,-0.01770465150692443
B0031,66,IMF2,0.05812880102643933
B0031,68,IMF2,0.10653185007952759
B0031,70,IMF2,0.11306527056169975
B0031,74,IMF2,0.06323841674494127
B0031,76,IMF2,-0.02753600783672798
B0031,78,IMF2,-0.10505046990074142
B0031,80,IMF2,-0.09689092479336951
B0031,82,IMF2,-0.003472301443710494
B0031,86,IMF2,0.08342754481805435
B0031,88,IMF2,0.10224199966736852
B0031,90,IMF2,0.06369556061434431
B0031,92,IMF2,-0.010969642171071435
B0031,94,IMF2,-0.09869801761292753
B0031,2,RES,0.14064872323995495
B0031,14,RES,0.27184914855620457
B0031,22,RES,0.3875844314381273
B0031,28,RES,0.48584236292190575
B0031,30,RES,0.5661286516652623
B0031,32,RES,0.6276532816558559
B0031,34,RES,0.6701483032271128
B0031,38,RES,0.6924544443766265
B0031,40,RES,0.6953388196671906
B0031,42,RES,0.6816865859861234
B0031,44,RES,0.6549262392134522
B0031,46,RES,0.6170177656774661
B0031,50,RES,0.5671760776967704
B0031,52,RES,0.4946250559368758
B0031,54,RES,0.39845950200391517
B0031,56,RES,0.2939194332113566
B0031,58,RES,0.18853194215825383
B0031,62,RES,0.08460443240595822
B0031,64,RES,-0.0238674647387909
B0031,66,RES,-0.1409982193185309
B0031,68,RES,-0.2670975907582667
B0031,70,RES,-0.4020846288184238
B0031,74,RES,-0.5455323036461214
B0031,76,RES,-0.6922947843885721
B0031,78,RES,-0.8322375186188075
B0031,80,RES,-0.953121656542327
B0031,82,RES,-1.0520664808729385
B0031,86,RES,-1.1373619412055682
B0031,88,RES,-1.2135608053365465
B0031,90,RES,-1.2772365140593098
B0031,92,RES,-1.3247928977939225
B0031,94,RES,-1.3525807201641515
B0032,2,IMF1,-0.9818089478433982
B0032,18,IMF1,0.8203498921278899
B0032,20,IMF1,0.15410830818892995
B0032,22,IMF1,-0.23946287651398748
B0032,26,IMF1,0.04124981988865712
B0032,28,IMF1,-0.03786852647037561
B0032,30,IMF1,-0.07147307307585286
B0032,32,IMF1,-0.157495567516538
B0032,34,IMF1,-0.15745373291207274
B0032,38,IMF1,0.38916646107667974
B0032,40,IMF1,0.3420910223069302
B0032,42,IMF1,0.1414190473813773
B0032,44,IMF1,-0.05108472596458373
B0032,46,IMF1,-0.29296620724555883
B0032,50,IMF1,0.1733475686460388
B0032,52,IMF1,0.06648374714749508
B0032,54,IMF1,-0.02123403055604038
B0032,56,IMF1,0.07813508688185829
B0032,58,IMF1,-0.21012581976233474
B0032,62,IMF1,0.32427846896667156
B0032,64,IMF1,-0.15953099874364635
B0032,66,IMF1,-0.20140004849640017
B0032,68,IMF1,-0.34833496594918023
B0032,70,IMF1,-0.05445382093286372
B0032,74,IMF1,0.2682261744765717
B0032,76,IMF1,0.09260807015895414
B0032,78,IMF1,0.052381960014203435
B0032,80,IMF1,-0.2630682830752366
B0032,82,IMF1,-0.12614342659150965
B0032,86,IMF1,0.32257241040863566
B0032,88,IMF1,0.009465719713037507
B0032,90,IMF1,-0.03215369117916734
B0032,92,IMF1,-0.3298905353688083
B0032,94,IMF1,-0.41971359228741784
B0032,2,IMF2,-0.5402259749462056
B0032,18,IMF2,-0.0754594135859285
B0032,20,IMF2,0.30512951429401075
B0032,22,IMF2,0.4465643143256705
B0032,26,IMF2,0.3117765673997943
B0032,28,IMF2,0.09844541781842428
B0032,30,IMF2,-0.09250887439942254
B0032,32,IMF2,-0.2130859009475155
B0032,34,IMF2,-0.219433754799809
B0032,38,IMF2,-0.13858144827653088
B0032,40,IMF2,-0.04181777771821998
B0032,42,IMF2,0.029584376144190717
B0032,44,IMF2,0.07910143201130146
B0032,46,IMF2,0.10388999265494649
B0032,50,IMF2,0.09969495780126847
B0032,52,IMF2,0.04785197012215958
B0032,54,IMF2,-0.04293596937457068
B0032,56,IMF2,-0.12840649269275245
B0032,58,IMF2,-0.07946768432537459
B0032,62,IMF2,0.06394725467058422
B0032,64,IMF2,0.1460904709709398
B0032,66,IMF2,0.14920593991249304
B0032,68,IMF2,0.09460621790626991
B0032,70,IMF2,0.004500038823600607
B0032,74,IMF2,-0.07472132429383135
B0032,76,IMF2,-0.10585802750983378
B0032,78,IMF2,-0.09705102110519741
B0032,80,IMF2,-0.06649892893897957
B0032,82,IMF2,-0.03369846567664571
B0032,86,IMF2,-0.014418432661752197
B0032,88,IMF2,-0.01806824533341064
B0032,90,IMF2,-0.03873068815834816
B0032,92,IMF2,-0.07231156349674937
B0032,94,IMF2,-0.10667553492316152
B0032,2,RES,0.955312891646319
B0032,18,RES,1.0063518902170752
B0032,20,RES,1.0536248180672052
B0032,22,RES,1.0916561241278988
B0032,26,RES,1.1154632042608228
B0032,28,RES,1.1220352420495527
B0032,30,RES,1.1088543680081404
B0032,32,RES,1.0734027126506394
B0032,34,RES,1.013917805835415
B0032,38,RES,0.932231224990914
B0032,40,RES,0.8331405086112593
B0032,42,RES,0.7216548173124785
B0032,44,RES,0.6025285851754204
B0032,46,RES,0.48047018694914106
B0032,50,RES,0.35955390486727595
B0032,52,RES,0.24135046300882942
B0032,54,RES,0.12680524277926622
B0032,56,RES,0.016863625584051252
B0032,58,RES,-0.08799987104113173
B0032,62,RES,-0.18926796769734838
B0032,64,RES,-0.2892639281174947
B0032,66,RES,-0.3903635868527245
B0032,68,RES,-0.49335845115028354
B0032,70,RES,-0.5971956199991393
B0032,74,RES,-0.7004409419150823
B0032,76,RES,-0.8016602654139048
B0032,78,RES,-0.8993560525771682
B0032,80,RES,-0.9917088047921635
B0032,82,RES,-1.0764241623311108
B0032,86,RES,-1.150806039606097
B0032,88,RES,-1.2129794050833018
B0032,90,RES,-1.2617562929576438
B0032,92,RES,-1.296519082913457
B0032,94,RES,-1.3167709722838619
B0038,1,IMF1,-2.393135720786087
B0038,11,IMF1,0.6046532451360578
B0038,13,IMF1,0.4365314341770322
B0038,23,IMF1,0.6476039686430185
B0038,25,IMF1,0.5228106534561653
B0038,27,IMF1,0.15116526263430458
B0038,29,IMF1,0.03049071477579782
B0038,1,RES,-1.9187814235127725e-07
B0038,11,RES,0.0004977938115412969
B0038,13,RES,-0.000513445997733367
B0038,23,RES,0.00030931574324136787
B0038,25,RES,-0.0002668723314157619
B0038,27,RES,-0.00015493342185497218
B0038,29,RES,8.776038077105524e-06
B0040,1,IMF1,-0.059202656515424945
B0040,13,IMF1,0.3851429090966384
B0040,25,IMF1,0.31560087306361784
B0040,27,IMF1,0.4962530060416149
B0040,29,IMF1,0.5222668618174655
B0040,117,IMF1,-1.7409436610055888
B0040,1,RES,0.06015821001188688
B0040,13,RES,0.20705862974701847
B0040,25,RES,0.2786978702701012
B0040,27,RES,0.1322819788030904
B0040,29,RES,-0.15508839915262856
B0040,117,RES,-0.4422256221777891
B0041,1,IMF1,0.5580792610932171
B0041,4,IMF1,0.573178901404153
B0041,6,IMF1,0.6006620415255226
B0041,12,IMF1,-1.7318823233563403
B0041,1,RES,-0.0003961088834017737
B0041,4,RES,-0.00015763851413594276
B0041,6,RES,0.0004706433237445409
B0041,12,RES,4.5223407239474155e-05
B0042,9,IMF1,-1.0064752933230947
B0042,11,IMF1,0.9947028202640964
B0042,9,RES,0.006486229967633846
B0042,11,RES,0.005286243091607168
B0043,7,IMF1,0.9650379675286492
B0043,9,IMF1,0.410302507121975
B0043,11,IMF1,-1.3781942422958349
B0043,7,RES,0.0006532147437244471
B0043,9,RES,0.001600236723851949
B0043,11,RES,0.0006003161776342937
B0044,7,IMF1,1.192759093973499
B0044,9,IMF1,0.06302773159962552
B0044,11,IMF1,-1.254492040591533
B0044,7,RES,-0.0005862353258260767
B0044,9,RES,-0.0002979745707668657
B0044,11,RES,-0.00041057508496808844
B0045,7,IMF1,1.0613831362850101
B0045,9,IMF1,0.5692066830032052
B0045,11,IMF1,0.371009978572459
B0045,13,IMF1,0.17967605975783668
B0045,17,IMF1,-0.46109503240583594
B0045,21,IMF1,0.2849028124521378
B0045,23,IMF1,-0.16819638192093248
B0045,25,IMF1,0.1221496565496935
B0045,27,IMF1,-0.10473472693529409
B0045,29,IMF1,0.11585228192773141
B0045,33,IMF1,-0.19116008689771866
B0045,37,IMF1,0.31586549812268405
B0045,39,IMF1,-0.08048879232302233
B0045,41,IMF1,-0.5215402803645148
B0045,43,IMF1,-0.7215720099185919
B0045,45,IMF1,-0.7214154132125649
B0045,49,IMF1,-0.8545035972975845
B0045,7,RES,1.2894247336012052
B0045,9,RES,1.065594882843368
B0045,11,RES,0.8101295640649373
B0045,13,RES,0.5683578623709682
B0045,17,RES,0.3911465320917565
B0045,21,RES,0.299815950654167
B0045,23,RES,0.20841070323434474
B0045,25,RES,-0.03929840521329944
B0045,27,RES,-0.36917627438637984
B0045,29,RES,-0.5352398721116515
B0045,33,RES,-0.4678781415084555
B0045,37,RES,-0.34133604072262774
B0045,39,RES,-0.2850119143800828
B0045,41,RES,-0.305695441648589
B0045,43,RES,-0.3818792606445164
B0045,45,RES,-0.4899961308516095
B0045,49,RES,-0.6127085327882308
B0046,5,IMF1,0.39087936383466804
B0046,7,IMF1,0.2065016192579273
B0046,9,IMF1,-0.026848508196999715
B0046,11,IMF1,-0.20248902667854335
B0046,13,IMF1,-0.21412053038735082
B0046,17,IMF1,-0.04824243529233751
B0046,21,IMF1,0.20150038527285732
B0046,23,IMF1,0.11020075176916484
B0046,25,IMF1,-0.09856180124252982
B0046,27,IMF1,-0.14927598470507358
B0046,29,IMF1,-0.39887143756240545
B0046,33,IMF1,0.18276250758752732
B0046,37,IMF1,0.5472024305278721
B0046,39,IMF1,0.27568697248348945
B0046,41,IMF1,0.059449652745808525
B0046,43,IMF1,-0.2601591148119224
B0046,45,IMF1,-0.5954708719028935
B0046,49,IMF1,-0.8104760804092527
B0046,5,RES,1.5602208613268744
B0046,7,RES,1.42775945036154
B0046,9,RES,1.2414464078786187
B0046,11,RES,1.0180013414111992
B0046,13,RES,0.7742487737868132
B0046,17,RES,0.5288401088691751
B0046,21,RES,0.2923983387639897
B0046,23,RES,0.08764354160155488
B0046,25,RES,-0.08700564359072167
B0046,27,RES,-0.23837952141272425
B0046,29,RES,-0.36969891916666675
B0046,33,RES,-0.48650655258911346
B0046,37,RES,-0.5941279016064994
B0046,39,RES,-0.6990252788132996
B0046,41,RES,-0.7961909899545819
B0046,43,RES,-0.8805441139822451
B0046,45,RES,-0.951080619068418
B0046,49,RES,-0.9976671761055284
B0047,5,IMF1,1.9289247980080875
B0047,7,IMF1,1.646002857739938
B0047,9,IMF1,1.221129867192461
B0047,11,IMF1,0.9362688990538067
B0047,13,IMF1,0.6199818282114914
B0047,17,IMF1,0.5663380494478052
B0047,21,IMF1,0.31048210899867795
B0047,23,IMF1,0.10681551613793272
B0047,25,IMF1,-0.22888419955792025
B0047,27,IMF1,-0.4273656435504559
B0047,29,IMF1,-0.8321721509126981
B0047,33,IMF1,-0.12408559483816546
B0047,37,IMF1,-0.12845113308693526
B0047,39,IMF1,-0.4584772521689218
B0047,41,IMF1,-0.7402284107898475
B0047,43,IMF1,-1.10008162908102
B0047,45,IMF1,-1.5269824139111376
B0047,49,IMF1,-1.7693089785479925
B0047,5,RES,-1.257974698606292e-05
B0047,7,RES,0.0003179981187631614
B0047,9,RES,-0.00014684960087677003
B0047,11,RES,-0.00011015908168737781
B0047,13,RES,-0.0009552457627404629
B0047,17,RES,0.0005634400604205044
B0047,21,RES,0.0007994441531204395
B0047,23,RES,-0.0009943185400671825
B0047,25,RES,0.0002929229630891829
B0047,27,RES,-0.00040682461049113217
B0047,29,RES,0.0003352293115739514
B0047,33,RES,0.00039204496673290914
B0047,37,RES,-0.00027437293237961253
B0047,39,RES,0.00035718264479282655
B0047,41,RES,1.887145166053849e-05
B0047,43,RES,-0.0003027430341532521
B0047,45,RES,2.3773921553660172e-05
B0047,49,RES,0.00019566737261852914
B0048,5,IMF1,0.29486222460732703
B0048,7,IMF1,0.23017724153974853
B0048,9,IMF1,-0.04375327105218243
B0048,11,IMF1,-0.1791849778338269
B0048,13,IMF1,-0.1710354142221841
B0048,17,IMF1,0.10078123070794662
B0048,21,IMF1,0.16620635984300286
B0048,23,IMF1,0.10812362145918633
B0048,25,IMF1,-0.06324588665050765
B0048,27,IMF1,-0.16487841890676147
B0048,29,IMF1,-0.3734817059902085
B0048,33,IMF1,0.41513457767769907
B0048,37,IMF1,0.5218101758830478
B0048,39,IMF1,0.3027953788637669
B0048,41,IMF1,0.12266969544897262
B0048,43,IMF1,-0.16109395546414973
B0048,45,IMF1,-0.5499404072549273
B0048,49,IMF1,-0.7393946154836498
B0048,5,RES,1.5670977810022448
B0048,7,RES,1.4345586307970486
B0048,9,RES,1.2445963741230601
B0048,11,RES,1.0104709788072346
B0048,13,RES,0.7572785969040619
B0048,17,RES,0.5031746918546564
B0048,21,RES,0.2723853062104073
B0048,23,RES,0.06840516281603819
B0048,25,RES,-0.10869208790349529
B0048,27,RES,-0.2653147797614749
B0048,29,RES,-0.40491392841574336
B0048,33,RES,-0.5325503287701021
B0048,37,RES,-0.6529318089772511
B0048,39,RES,-0.7663495087806371
B0048,41,RES,-0.8708572737299971
B0048,43,RES,-0.9615336553475858
B0048,45,RES,-1.0324398600396845
B0048,49,RES,-1.0789361439610408
B0053,1,IMF1,-0.7503096614737859
B0053,11,IMF1,0.7110627828320732
B0053,13,IMF1,0.520790273234174
B0053,17,IMF1,-0.11814585471397107
B0053,19,IMF1,-0.5300203493904583
B0053,21,IMF1,0.18563924253218025
B0053,23,IMF1,0.49062692389363505
B0053,25,IMF1,-0.4885890442748568
B0053,29,IMF1,0.4772386497975743
B0053,31,IMF1,-0.4774508554319346
B0053,33,IMF1,0.043178998326020526
B0053,35,IMF1,0.5872942314289311
B0053,37,IMF1,-0.6380643391157548
B0053,41,IMF1,0.6125120948706768
B0053,43,IMF1,-0.5147735536600528
B0053,45,IMF1,-0.3169151244717438
B0053,47,IMF1,0.37684430852957557
B0053,49,IMF1,-0.07733082995631131
B0053,53,IMF1,-0.5133914474820337
B0053,57,IMF1,0.5885251455819456
B0053,59,IMF1,-0.5770245258356136
B0053,61,IMF1,-0.006902478806444409
B0053,63,IMF1,0.4053483751491827
B0053,65,IMF1,-0.4286819439710956
B0053,69,IMF1,0.5512662439273979
B0053,71,IMF1,-0.6102955413747116
B0053,73,IMF1,0.4834533125504194
B0053,75,IMF1,-0.325741931118246
B0053,77,IMF1,0.39332942779331237
B0053,81,IMF1,-0.6668323094098371
B0053,83,IMF1,0.8876012895172046
B0053,85,IMF1,0.4684220071340921
B0053,87,IMF1,0.07724192132821675
B0053,89,IMF1,-0.5590166950870388
B0053,93,IMF1,0.3692600719763938
B0053,95,IMF1,-0.3201002585492323
B0053,97,IMF1,0.49459760294868715
B0053,99,IMF1,0.32239535489263366
B0053,101,IMF1,-1.229225918454262
B0053,105,IMF1,1.4518175839642662
B0053,109,IMF1,0.8941625666564703
B0053,111,IMF1,-1.252889635976375
B0053,113,IMF1,0.3853974564749354
B0053,115,IMF1,0.7662523991628808
B0053,117,IMF1,-0.6484087529080763
B0053,121,IMF1,-0.06823529003646053
B0053,123,IMF1,0.013289181528479854
B0053,125,IMF1,0.7503474098927194
B0053,127,IMF1,-0.77287128663959
B0053,129,IMF1,0.6576019600214502
B0053,133,IMF1,0.7425141784766711
B0053,135,IMF1,-0.35003547899767945
B0053,1,IMF2,0.23075268982751776
B0053,11,IMF2,0.28446141646097245
B0053,13,IMF2,0.2452984211273634
B0053,17,IMF2,0.1309490206987698
B0053,19,IMF2,-0.026207691089080335
B0053,21,IMF2,-0.1816944603610336
B0053,23,IMF2,-0.24985651743223927
B0053,25,IMF2,-0.15545839093719463
B0053,29,IMF2,0.04417136064753251
B0053,31,IMF2,0.1526083033909006
B0053,33,IMF2,0.08713903098420363
B0053,35,IMF2,-0.027551674264642716
B0053,37,IMF2,-0.04329507852620021
B0053,41,IMF2,0.032290009585453236
B0053,43,IMF2,0.03647239647281149
B0053,45,IMF2,-0.04534325912043949
B0053,47,IMF2,-0.0957859153498713
B0053,49,IMF2,-0.017868545936177843
B0053,53,IMF2,0.11604654570095875
B0053,57,IMF2,0.20052446592366885
B0053,59,IMF2,0.1902602486406658
B0053,61,IMF2,0.14817176150796715
B0053,63,IMF2,0.07854520094134985
B0053,65,IMF2,-0.04986241772577366
B0053,69,IMF2,-0.23754506589864513
B0053,71,IMF2,-0.20434494460218153
B0053,73,IMF2,0.11033857668789923
B0053,75,IMF2,0.1905662092737755
B0053,77,IMF2,-0.09377888738895625
B0053,81,IMF2,-0.19206902331931172
B0053,83,IMF2,0.033134441603973136
B0053,85,IMF2,0.253723548813229
B0053,87,IMF2,0.34234459334635625
B0053,89,IMF2,0.242616550910192
B0053,93,IMF2,-0.057971815380898406
B0053,95,IMF2,-0.4681309890618526
B0053,97,IMF2,-0.775695407780799
B0053,99,IMF2,-0.693392135176398
B0053,101,IMF2,-0.0961656061671631
B0053,105,IMF2,0.7148903582528798
B0053,109,IMF2,1.1819346901145495
B0053,111,IMF2,0.9520239509045852
B0053,113,IMF2,0.2733336557961753
B0053,115,IMF2,-0.38075507062191943
B0053,117,IMF2,-0.8202567956311705
B0053,121,IMF2,-1.0377478482367803
B0053,123,IMF2,-1.1176684893566464
B0053,125,IMF2,-1.1691389792496878
B0053,127,IMF2,-1.2685971324543177
B0053,129,IMF2,-1.3885874793366415
B0053,133,IMF2,-1.4632230173788037
B0053,135,IMF2,-1.4367936102376784
B0053,1,IMF3,0.30484368791059224
B0053,11,IMF3,0.3265102067710351
B0053,13,IMF3,0.3287956147582125
B0053,17,IMF3,0.31265190249792935
B0053,19,IMF3,0.27959072802731993
B0053,21,IMF3,0.23106430444956932
B0053,23,IMF3,0.1685248448678597
B0053,25,IMF3,0.09302899633538839
B0053,29,IMF3,0.005246573948700439
B0053,31,IMF3,-0.08922758231565515
B0053,33,IMF3,-0.18040339710723682
B0053,35,IMF3,-0.2535745119051533
B0053,37,IMF3,-0.2929902128850994
B0053,41,IMF3,-0.2843579758222932
B0053,43,IMF3,-0.2234134316492437
B0053,45,IMF3,-0.12419104208353997
B0053,47,IMF3,-0.005156882197004092
B0053,49,IMF3,0.11584701437846537
B0053,53,IMF3,0.22371099636569985
B0053,57,IMF3,0.30400850807621305
B0053,59,IMF3,0.3454007227998441
B0053,61,IMF3,0.3489791584228916
B0053,63,IMF3,0.31924077654262095
B0053,65,IMF3,0.2607619674394579
B0053,69,IMF3,0.17811912139382766
B0053,71,IMF3,0.07510363521181147
B0053,73,IMF3,-0.04669230421104188
B0053,75,IMF3,-0.18211539283039413
B0053,77,IMF3,-0.32237549273713406
B0053,81,IMF3,-0.4566440066468649
B0053,83,IMF3,-0.5732326401866663
B0053,85,IMF3,-0.658469715329062
B0053,87,IMF3,-0.6981877081329356
B0053,89,IMF3,-0.6818142774298169
B0053,93,IMF3,-0.6131578131418042
B0053,95,IMF3,-0.49962188796363877
B0053,97,IMF3,-0.34861007459006477
B0053,99,IMF3,-0.16864165888336693
B0053,101,IMF3,0.027301220624005876
B0053,105,IMF3,0.22512071223205804
B0053,109,IMF3,0.41071896424079707
B0053,111,IMF3,0.5725560074286178
B0053,113,IMF3,0.7093234024874646
B0053,115,IMF3,0.8222705925876717
B0053,117,IMF3,0.912647020899571
B0053,121,IMF3,0.9817021305934959
B0053,123,IMF3,1.0308079326366453
B0053,125,IMF3,1.0622597901797932
B0053,127,IMF3,1.0798067376725775
B0053,129,IMF3,1.0857123040744001
B0053,133,IMF3,1.080525964255484
B0053,135,IMF3,1.0642106527781203
B0053,1,RES,0.945115558637648
B0053,11,RES,0.9438133488477143
B0053,13,RES,0.9320502247317722
B0053,17,RES,0.9101748534428765
B0053,19,RES,0.8789382831561707
B0053,21,RES,0.8391510069807502
B0053,23,RES,0.7916235180257124
B0053,25,RES,0.7371663094001513
B0053,29,RES,0.6765898742131632
B0053,31,RES,0.6107047055738444
B0053,33,RES,0.5403212965912906
B0053,35,RES,0.4662501403745973
B0053,37,RES,0.38930173003286034
B0053,41,RES,0.31028655867517546
B0053,43,RES,0.23003101453224548
B0053,45,RES,0.1494705838615235
B0053,47,RES,0.06973871820336494
B0053,49,RES,-0.007985613361549985
B0053,53,RES,-0.08252344175254153
B0053,57,RES,-0.15269579788892979
B0053,59,RES,-0.2174650131850623
B0053,61,RES,-0.2764322326900431
B0053,63,RES,-0.3296343485665871
B0053,65,RES,-0.37718186463205544
B0053,69,RES,-0.41918528470380856
B0053,71,RES,-0.4557551125992072
B0053,73,RES,-0.48700185213561276
B0053,75,RES,-0.5130360071303857
B0053,77,RES,-0.5339680814008871
B0053,81,RES,-0.5499085787644771
B0053,83,RES,-0.5609680030385169
B0053,85,RES,-0.5672568580403677
B0053,87,RES,-0.5688856475873904
B0053,89,RES,-0.5660236226303333
B0053,93,RES,-0.5590750226535006
B0053,95,RES,-0.5485028342745836
B0053,97,RES,-0.5347700441112732
B0053,99,RES,-0.5183396387812613
B0053,101,RES,-0.49967460490224036
B0053,105,RES,-0.4792379290919007
B0053,109,RES,-0.4574925979679348
B0053,111,RES,-0.4349015981480337
B0053,113,RES,-0.41192791624988884
B0053,115,RES,-0.3890345388911924
B0053,117,RES,-0.3666844526896357
B0053,121,RES,-0.3453406442629099
B0053,123,RES,-0.3254661002287071
B0053,125,RES,-0.3075238072047189
B0053,127,RES,-0.2919767518086362
B0053,129,RES,-0.27928792065815133
B0053,133,RES,-0.26986228499026027
B0053,135,RES,-0.2638049499762434
